id,price
0,302
1,340
2,360
3,365
4,390
5,395
6,400
7,400
8,404
9,405
10,410
11,410
12,410
13,420
14,424
15,427
16,427
17,430
18,430
19,430
20,430
21,440
22,448
23,448
24,449
25,450
26,450
27,450
28,450
29,450
30,450
31,453
32,460
33,461
34,465
35,465
36,467
37,467
38,468
39,469
40,470
41,470
42,473
43,480
44,480
45,480
46,482
47,485
48,490
49,490
50,490
51,490
52,490
53,490
54,490
55,494
56,495
57,495
58,495
59,500
60,500
61,500
62,500
63,500
64,500
65,502
66,504
67,504
68,507
69,507
70,508
71,510
72,515
73,519
74,520
75,520
76,521
77,524
78,525
79,528
80,528
81,530
82,530
83,530
84,530
85,532
86,534
87,535
88,535
89,540
90,540
91,540
92,540
93,540
94,542
95,545
96,550
97,550
98,550
99,550
100,550
101,550
102,550
103,552
104,553
105,554
106,560
107,560
108,560
109,560
110,561
111,562
112,565
113,566
114,570
115,570
116,570
117,570
118,570
119,570
120,570
121,575
122,578
123,580
124,580
125,581
126,582
127,583
128,585
129,585
130,585
131,586
132,589
133,590
134,590
135,590
136,590
137,590
138,590
139,590
140,590
141,590
142,590
143,590
144,591
145,593
146,595
147,595
148,598
149,599
150,599
151,599
152,599
153,600
154,600
155,600
156,600
157,600
158,600
159,600
160,600
161,600
162,600
163,600
164,600
165,600
166,600
167,600
168,600
169,600
170,603
171,604
172,607
173,608
174,610
175,610
176,614
177,615
178,615
179,615
180,617
181,619
182,619
183,619
184,619
185,620
186,620
187,620
188,620
189,620
190,620
191,620
192,620
193,620
194,622
195,623
196,625
197,625
198,625
199,625
200,625
201,626
202,626
203,626
204,630
205,630
206,630
207,630
208,630
209,632
210,635
211,635
212,635
213,635
214,636
215,639
216,639
217,640
218,640
219,640
220,640
221,640
222,640
223,642
224,643
225,645
226,645
227,645
228,646
229,648
230,648
231,649
232,649
233,649
234,650
235,650
236,650
237,650
238,650
239,650
240,650
241,650
242,650
243,650
244,650
245,650
246,650
247,650
248,650
249,650
250,650
251,650
252,650
253,650
254,650
255,650
256,651
257,653
258,653
259,655
260,655
261,658
262,658
263,659
264,660
265,660
266,660
267,660
268,660
269,660
270,661
271,662
272,662
273,665
274,665
275,665
276,665
277,667
278,667
279,668
280,668
281,669
282,670
283,670
284,670
285,670
286,670
287,670
288,673
289,673
290,675
291,675
292,675
293,675
294,675
295,675
296,676
297,678
298,678
299,678
300,679
301,679
302,680
303,680
304,680
305,680
306,680
307,680
308,680
309,680
310,680
311,680
312,680
313,681
314,683
315,685
316,686
317,686
318,690
319,690
320,690
321,690
322,690
323,690
324,690
325,690
326,690
327,690
328,690
329,690
330,690
331,690
332,690
333,690
334,690
335,690
336,690
337,692
338,694
339,695
340,695
341,695
342,695
343,695
344,695
345,695
346,697
347,697
348,698
349,699
350,699
351,699
352,700
353,700
354,700
355,700
356,700
357,700
358,700
359,700
360,700
361,700
362,700
363,700
364,700
365,700
366,700
367,700
368,700
369,700
370,700
371,700
372,700
373,700
374,700
375,700
376,700
377,700
378,700
379,702
380,702
381,702
382,702
383,704
384,704
385,704
386,705
387,705
388,708
389,709
390,710
391,710
392,710
393,710
394,710
395,711
396,711
397,712
398,713
399,714
400,714
401,714
402,715
403,715
404,715
405,715
406,715
407,716
408,717
409,717
410,719
411,719
412,720
413,720
414,720
415,720
416,720
417,720
418,720
419,720
420,720
421,720
422,720
423,720
424,720
425,721
426,722
427,724
428,724
429,725
430,725
431,725
432,725
433,725
434,725
435,726
436,726
437,726
438,727
439,727
440,730
441,730
442,730
443,730
444,730
445,730
446,730
447,730
448,730
449,730
450,730
451,730
452,730
453,730
454,730
455,731
456,731
457,732
458,732
459,733
460,733
461,734
462,734
463,734
464,735
465,735
466,735
467,735
468,735
469,735
470,735
471,735
472,736
473,737
474,738
475,739
476,739
477,739
478,740
479,740
480,740
481,740
482,740
483,740
484,740
485,740
486,740
487,740
488,740
489,740
490,741
491,741
492,743
493,744
494,745
495,745
496,745
497,745
498,745
499,745
500,745
501,745
502,745
503,746
504,748
505,749
506,749
507,750
508,750
509,750
510,750
511,750
512,750
513,750
514,750
515,750
516,750
517,750
518,750
519,750
520,750
521,750
522,750
523,750
524,750
525,750
526,750
527,750
528,750
529,750
530,750
531,750
532,750
533,750
534,750
535,750
536,750
537,750
538,750
539,750
540,750
541,750
542,750
543,750
544,750
545,750
546,750
547,750
548,750
549,750
550,750
551,750
552,750
553,750
554,750
555,750
556,750
557,750
558,751
559,753
560,754
561,755
562,755
563,755
564,755
565,755
566,755
567,756
568,756
569,757
570,758
571,758
572,759
573,760
574,760
575,760
576,760
577,760
578,760
579,760
580,760
581,760
582,760
583,761
584,761
585,762
586,764
587,765
588,765
589,765
590,765
591,765
592,767
593,768
594,768
595,769
596,769
597,769
598,769
599,770
600,770
601,770
602,770
603,770
604,770
605,770
606,770
607,771
608,772
609,772
610,775
611,775
612,776
613,777
614,778
615,778
616,780
617,780
618,780
619,780
620,780
621,780
622,780
623,780
624,780
625,780
626,780
627,780
628,780
629,780
630,780
631,780
632,780
633,780
634,780
635,780
636,780
637,780
638,780
639,780
640,780
641,780
642,780
643,781
644,781
645,783
646,784
647,784
648,784
649,785
650,785
651,785
652,786
653,786
654,788
655,788
656,789
657,790
658,790
659,790
660,790
661,790
662,790
663,790
664,790
665,790
666,790
667,790
668,790
669,790
670,790
671,790
672,790
673,790
674,790
675,790
676,790
677,790
678,790
679,790
680,790
681,792
682,792
683,793
684,795
685,795
686,795
687,795
688,795
689,795
690,795
691,795
692,795
693,795
694,795
695,795
696,795
697,795
698,795
699,795
700,796
701,798
702,799
703,799
704,799
705,799
706,799
707,799
708,800
709,800
710,800
711,800
712,800
713,800
714,800
715,800
716,800
717,800
718,800
719,800
720,800
721,800
722,800
723,800
724,800
725,800
726,800
727,800
728,800
729,800
730,800
731,800
732,800
733,800
734,800
735,800
736,800
737,800
738,800
739,800
740,800
741,800
742,800
743,800
744,800
745,800
746,800
747,800
748,800
749,800
750,801
751,803
752,804
753,805
754,805
755,805
756,806
757,806
758,808
759,810
760,810
761,810
762,810
763,810
764,810
765,812
766,812
767,813
768,814
769,814
770,815
771,815
772,815
773,815
774,815
775,815
776,816
777,816
778,816
779,817
780,818
781,818
782,819
783,820
784,820
785,820
786,820
787,820
788,820
789,820
790,820
791,820
792,820
793,820
794,820
795,820
796,820
797,820
798,820
799,820
800,820
801,820
802,820
803,820
804,821
805,821
806,822
807,822
808,824
809,825
810,825
811,825
812,825
813,825
814,825
815,825
816,825
817,825
818,825
819,826
820,826
821,828
822,828
823,828
824,828
825,829
826,829
827,829
828,830
829,830
830,830
831,830
832,830
833,830
834,830
835,830
836,830
837,830
838,830
839,830
840,830
841,830
842,830
843,830
844,830
845,830
846,832
847,832
848,832
849,833
850,833
851,834
852,835
853,835
854,835
855,835
856,835
857,835
858,835
859,836
860,836
861,836
862,838
863,840
864,840
865,840
866,840
867,840
868,840
869,840
870,840
871,840
872,840
873,840
874,840
875,840
876,840
877,840
878,840
879,840
880,840
881,840
882,842
883,842
884,843
885,844
886,844
887,844
888,845
889,845
890,845
891,845
892,845
893,845
894,845
895,845
896,845
897,845
898,846
899,847
900,848
901,848
902,848
903,848
904,848
905,849
906,850
907,850
908,850
909,850
910,850
911,850
912,850
913,850
914,850
915,850
916,850
917,850
918,850
919,850
920,850
921,850
922,850
923,850
924,850
925,850
926,850
927,850
928,850
929,850
930,850
931,850
932,850
933,850
934,850
935,850
936,850
937,850
938,850
939,850
940,850
941,850
942,850
943,850
944,850
945,850
946,850
947,850
948,850
949,850
950,850
951,850
952,850
953,850
954,850
955,850
956,850
957,850
958,850
959,850
960,850
961,850
962,850
963,850
964,850
965,850
966,850
967,850
968,850
969,850
970,850
971,850
972,850
973,850
974,850
975,850
976,850
977,851
978,851
979,851
980,852
981,853
982,854
983,854
984,855
985,855
986,855
987,855
988,855
989,856
990,857
991,857
992,857
993,857
994,858
995,860
996,860
997,860
998,860
999,860
1000,860
1001,860
1002,860
1003,860
1004,860
1005,860
1006,860
1007,860
1008,860
1009,860
1010,860
1011,860
1012,861
1013,862
1014,863
1015,864
1016,864
1017,864
1018,865
1019,865
1020,865
1021,865
1022,865
1023,865
1024,866
1025,866
1026,867
1027,867
1028,868
1029,869
1030,870
1031,870
1032,870
1033,870
1034,870
1035,870
1036,870
1037,870
1038,870
1039,870
1040,870
1041,870
1042,870
1043,870
1044,870
1045,870
1046,870
1047,870
1048,870
1049,870
1050,871
1051,872
1052,872
1053,872
1054,872
1055,874
1056,874
1057,874
1058,874
1059,874
1060,875
1061,875
1062,875
1063,875
1064,875
1065,875
1066,875
1067,875
1068,875
1069,876
1070,877
1071,878
1072,878
1073,878
1074,879
1075,879
1076,880
1077,880
1078,880
1079,880
1080,880
1081,880
1082,880
1083,880
1084,880
1085,880
1086,880
1087,880
1088,880
1089,880
1090,880
1091,880
1092,880
1093,880
1094,880
1095,880
1096,880
1097,880
1098,881
1099,881
1100,881
1101,882
1102,883
1103,884
1104,884
1105,884
1106,884
1107,885
1108,885
1109,885
1110,885
1111,885
1112,885
1113,885
1114,885
1115,886
1116,887
1117,887
1118,887
1119,888
1120,888
1121,889
1122,889
1123,889
1124,889
1125,890
1126,890
1127,890
1128,890
1129,890
1130,890
1131,890
1132,890
1133,890
1134,890
1135,890
1136,890
1137,890
1138,890
1139,890
1140,890
1141,890
1142,890
1143,890
1144,890
1145,890
1146,890
1147,890
1148,890
1149,890
1150,890
1151,890
1152,890
1153,890
1154,890
1155,890
1156,890
1157,890
1158,890
1159,890
1160,890
1161,890
1162,890
1163,890
1164,890
1165,890
1166,890
1167,890
1168,890
1169,890
1170,890
1171,890
1172,890
1173,891
1174,891
1175,892
1176,892
1177,892
1178,892
1179,892
1180,893
1181,894
1182,895
1183,895
1184,895
1185,895
1186,895
1187,895
1188,895
1189,895
1190,895
1191,895
1192,895
1193,895
1194,895
1195,895
1196,895
1197,895
1198,895
1199,895
1200,896
1201,899
1202,899
1203,899
1204,899
1205,899
1206,899
1207,899
1208,900
1209,900
1210,900
1211,900
1212,900
1213,900
1214,900
1215,900
1216,900
1217,900
1218,900
1219,900
1220,900
1221,900
1222,900
1223,900
1224,900
1225,900
1226,900
1227,900
1228,900
1229,900
1230,900
1231,900
1232,900
1233,900
1234,900
1235,900
1236,900
1237,900
1238,900
1239,900
1240,900
1241,900
1242,900
1243,900
1244,900
1245,900
1246,900
1247,900
1248,900
1249,900
1250,900
1251,900
1252,900
1253,900
1254,900
1255,900
1256,900
1257,900
1258,900
1259,900
1260,900
1261,900
1262,900
1263,900
1264,900
1265,900
1266,900
1267,900
1268,900
1269,900
1270,901
1271,901
1272,903
1273,903
1274,904
1275,904
1276,904
1277,904
1278,905
1279,905
1280,905
1281,905
1282,906
1283,906
1284,907
1285,907
1286,907
1287,908
1288,908
1289,909
1290,910
1291,910
1292,910
1293,910
1294,910
1295,910
1296,910
1297,910
1298,910
1299,910
1300,910
1301,910
1302,910
1303,910
1304,910
1305,911
1306,911
1307,912
1308,913
1309,915
1310,915
1311,915
1312,915
1313,915
1314,915
1315,915
1316,916
1317,917
1318,917
1319,917
1320,918
1321,918
1322,919
1323,920
1324,920
1325,920
1326,920
1327,920
1328,920
1329,920
1330,920
1331,920
1332,920
1333,920
1334,920
1335,920
1336,920
1337,920
1338,920
1339,920
1340,920
1341,920
1342,920
1343,920
1344,920
1345,921
1346,921
1347,921
1348,921
1349,922
1350,922
1351,922
1352,923
1353,924
1354,925
1355,925
1356,925
1357,925
1358,925
1359,925
1360,925
1361,926
1362,926
1363,927
1364,927
1365,928
1366,928
1367,929
1368,930
1369,930
1370,930
1371,930
1372,930
1373,930
1374,930
1375,930
1376,930
1377,931
1378,931
1379,932
1380,932
1381,934
1382,935
1383,935
1384,935
1385,935
1386,935
1387,935
1388,935
1389,935
1390,935
1391,936
1392,936
1393,937
1394,937
1395,937
1396,939
1397,940
1398,940
1399,940
1400,940
1401,940
1402,940
1403,940
1404,940
1405,940
1406,940
1407,940
1408,940
1409,940
1410,940
1411,940
1412,940
1413,940
1414,940
1415,940
1416,941
1417,943
1418,943
1419,943
1420,944
1421,944
1422,945
1423,945
1424,945
1425,945
1426,945
1427,945
1428,945
1429,947
1430,948
1431,949
1432,949
1433,950
1434,950
1435,950
1436,950
1437,950
1438,950
1439,950
1440,950
1441,950
1442,950
1443,950
1444,950
1445,950
1446,950
1447,950
1448,950
1449,950
1450,950
1451,950
1452,950
1453,950
1454,950
1455,950
1456,950
1457,950
1458,950
1459,950
1460,950
1461,950
1462,950
1463,950
1464,950
1465,950
1466,950
1467,950
1468,950
1469,950
1470,950
1471,950
1472,950
1473,950
1474,950
1475,950
1476,950
1477,950
1478,950
1479,950
1480,950
1481,950
1482,950
1483,950
1484,950
1485,950
1486,950
1487,950
1488,950
1489,950
1490,950
1491,950
1492,950
1493,950
1494,950
1495,950
1496,950
1497,950
1498,950
1499,950
1500,950
1501,950
1502,950
1503,950
1504,950
1505,950
1506,950
1507,950
1508,950
1509,950
1510,950
1511,950
1512,950
1513,950
1514,950
1515,950
1516,950
1517,950
1518,950
1519,950
1520,950
1521,950
1522,950
1523,950
1524,950
1525,950
1526,950
1527,950
1528,950
1529,950
1530,950
1531,950
1532,950
1533,950
1534,951
1535,952
1536,953
1537,953
1538,954
1539,954
1540,955
1541,955
1542,955
1543,955
1544,955
1545,955
1546,956
1547,957
1548,958
1549,958
1550,959
1551,959
1552,960
1553,960
1554,960
1555,960
1556,960
1557,960
1558,960
1559,960
1560,960
1561,960
1562,962
1563,962
1564,962
1565,962
1566,963
1567,964
1568,964
1569,965
1570,966
1571,966
1572,967
1573,968
1574,968
1575,969
1576,969
1577,969
1578,970
1579,970
1580,970
1581,970
1582,970
1583,970
1584,970
1585,970
1586,970
1587,970
1588,970
1589,971
1590,971
1591,971
1592,972
1593,973
1594,973
1595,973
1596,974
1597,974
1598,974
1599,974
1600,974
1601,975
1602,975
1603,975
1604,975
1605,975
1606,975
1607,975
1608,975
1609,976
1610,977
1611,977
1612,977
1613,977
1614,978
1615,979
1616,979
1617,979
1618,979
1619,979
1620,980
1621,980
1622,980
1623,980
1624,980
1625,980
1626,980
1627,980
1628,980
1629,980
1630,980
1631,980
1632,980
1633,980
1634,980
1635,980
1636,980
1637,980
1638,980
1639,980
1640,980
1641,980
1642,980
1643,980
1644,981
1645,981
1646,981
1647,982
1648,982
1649,982
1650,982
1651,983
1652,985
1653,985
1654,985
1655,985
1656,985
1657,985
1658,988
1659,989
1660,989
1661,989
1662,990
1663,990
1664,990
1665,990
1666,990
1667,990
1668,990
1669,990
1670,990
1671,990
1672,990
1673,990
1674,990
1675,990
1676,990
1677,990
1678,990
1679,990
1680,990
1681,990
1682,990
1683,990
1684,990
1685,990
1686,990
1687,990
1688,990
1689,990
1690,990
1691,990
1692,990
1693,990
1694,990
1695,990
1696,990
1697,990
1698,990
1699,990
1700,990
1701,990
1702,990
1703,990
1704,990
1705,990
1706,990
1707,990
1708,990
1709,990
1710,990
1711,990
1712,990
1713,990
1714,990
1715,990
1716,990
1717,990
1718,990
1719,990
1720,990
1721,990
1722,991
1723,991
1724,992
1725,992
1726,993
1727,993
1728,993
1729,993
1730,994
1731,994
1732,994
1733,995
1734,995
1735,995
1736,995
1737,995
1738,995
1739,995
1740,995
1741,995
1742,995
1743,995
1744,995
1745,995
1746,995
1747,995
1748,995
1749,995
1750,995
1751,995
1752,995
1753,995
1754,995
1755,995
1756,995
1757,995
1758,995
1759,995
1760,995
1761,996
1762,996
1763,996
1764,996
1765,996
1766,996
1767,997
1768,997
1769,998
1770,998
1771,998
1772,999
1773,999
1774,999
1775,999
1776,999
1777,999
1778,1000
1779,1000
1780,1000
1781,1000
1782,1000
1783,1000
1784,1000
1785,1000
1786,1000
1787,1000
1788,1000
1789,1000
1790,1000
1791,1000
1792,1000
1793,1000
1794,1000
1795,1000
1796,1000
1797,1000
1798,1000
1799,1000
1800,1000
1801,1000
1802,1000
1803,1000
1804,1000
1805,1000
1806,1000
1807,1000
1808,1000
1809,1000
1810,1000
1811,1000
1812,1000
1813,1000
1814,1000
1815,1000
1816,1000
1817,1000
1818,1000
1819,1000
1820,1000
1821,1000
1822,1000
1823,1000
1824,1000
1825,1000
1826,1000
1827,1000
1828,1000
1829,1000
1830,1000
1831,1000
1832,1000
1833,1000
1834,1000
1835,1000
1836,1000
1837,1000
1838,1000
1839,1000
1840,1000
1841,1000
1842,1000
1843,1000
1844,1000
1845,1000
1846,1000
1847,1000
1848,1001
1849,1002
1850,1002
1851,1002
1852,1002
1853,1003
1854,1003
1855,1005
1856,1005
1857,1005
1858,1005
1859,1005
1860,1008
1861,1009
1862,1010
1863,1010
1864,1010
1865,1010
1866,1010
1867,1010
1868,1011
1869,1012
1870,1012
1871,1013
1872,1015
1873,1015
1874,1015
1875,1015
1876,1016
1877,1016
1878,1016
1879,1017
1880,1020
1881,1020
1882,1020
1883,1020
1884,1020
1885,1020
1886,1020
1887,1020
1888,1020
1889,1022
1890,1024
1891,1024
1892,1024
1893,1025
1894,1025
1895,1025
1896,1025
1897,1025
1898,1025
1899,1025
1900,1025
1901,1025
1902,1026
1903,1027
1904,1030
1905,1030
1906,1030
1907,1030
1908,1030
1909,1030
1910,1030
1911,1030
1912,1030
1913,1030
1914,1030
1915,1031
1916,1031
1917,1032
1918,1032
1919,1033
1920,1034
1921,1034
1922,1035
1923,1035
1924,1035
1925,1035
1926,1035
1927,1035
1928,1035
1929,1035
1930,1036
1931,1036
1932,1036
1933,1038
1934,1040
1935,1040
1936,1040
1937,1040
1938,1040
1939,1040
1940,1040
1941,1040
1942,1041
1943,1041
1944,1042
1945,1043
1946,1044
1947,1045
1948,1045
1949,1045
1950,1045
1951,1045
1952,1046
1953,1046
1954,1046
1955,1046
1956,1047
1957,1048
1958,1048
1959,1048
1960,1049
1961,1050
1962,1050
1963,1050
1964,1050
1965,1050
1966,1050
1967,1050
1968,1050
1969,1050
1970,1050
1971,1050
1972,1050
1973,1050
1974,1050
1975,1050
1976,1050
1977,1050
1978,1050
1979,1050
1980,1050
1981,1050
1982,1050
1983,1050
1984,1050
1985,1050
1986,1050
1987,1050
1988,1050
1989,1050
1990,1050
1991,1050
1992,1050
1993,1050
1994,1050
1995,1050
1996,1050
1997,1050
1998,1050
1999,1050
2000,1050
2001,1050
2002,1050
2003,1050
2004,1050
2005,1050
2006,1051
2007,1051
2008,1051
2009,1051
2010,1052
2011,1053
2012,1054
2013,1055
2014,1055
2015,1056
2016,1057
2017,1057
2018,1058
2019,1058
2020,1058
2021,1059
2022,1059
2023,1059
2024,1060
2025,1060
2026,1060
2027,1060
2028,1060
2029,1062
2030,1063
2031,1063
2032,1064
2033,1064
2034,1065
2035,1065
2036,1066
2037,1066
2038,1069
2039,1070
2040,1070
2041,1070
2042,1070
2043,1070
2044,1070
2045,1070
2046,1071
2047,1071
2048,1072
2049,1072
2050,1075
2051,1075
2052,1075
2053,1075
2054,1075
2055,1079
2056,1080
2057,1080
2058,1080
2059,1080
2060,1080
2061,1080
2062,1080
2063,1080
2064,1080
2065,1080
2066,1080
2067,1080
2068,1080
2069,1080
2070,1080
2071,1080
2072,1080
2073,1080
2074,1080
2075,1080
2076,1080
2077,1080
2078,1080
2079,1080
2080,1080
2081,1080
2082,1081
2083,1081
2084,1082
2085,1083
2086,1084
2087,1085
2088,1085
2089,1085
2090,1085
2091,1085
2092,1085
2093,1085
2094,1086
2095,1086
2096,1086
2097,1087
2098,1087
2099,1087
2100,1090
2101,1090
2102,1090
2103,1090
2104,1090
2105,1090
2106,1090
2107,1090
2108,1090
2109,1090
2110,1090
2111,1090
2112,1090
2113,1090
2114,1090
2115,1090
2116,1090
2117,1090
2118,1090
2119,1090
2120,1090
2121,1090
2122,1091
2123,1091
2124,1093
2125,1093
2126,1093
2127,1094
2128,1095
2129,1095
2130,1095
2131,1095
2132,1095
2133,1095
2134,1095
2135,1095
2136,1095
2137,1095
2138,1096
2139,1096
2140,1097
2141,1097
2142,1099
2143,1099
2144,1100
2145,1100
2146,1100
2147,1100
2148,1100
2149,1100
2150,1100
2151,1100
2152,1100
2153,1100
2154,1100
2155,1100
2156,1100
2157,1100
2158,1100
2159,1100
2160,1100
2161,1100
2162,1100
2163,1100
2164,1100
2165,1100
2166,1100
2167,1100
2168,1100
2169,1100
2170,1100
2171,1100
2172,1100
2173,1100
2174,1100
2175,1100
2176,1100
2177,1100
2178,1100
2179,1100
2180,1100
2181,1100
2182,1100
2183,1100
2184,1100
2185,1100
2186,1100
2187,1100
2188,1100
2189,1100
2190,1100
2191,1100
2192,1100
2193,1100
2194,1100
2195,1100
2196,1100
2197,1100
2198,1100
2199,1100
2200,1100
2201,1100
2202,1100
2203,1100
2204,1100
2205,1100
2206,1100
2207,1100
2208,1100
2209,1100
2210,1100
2211,1100
2212,1100
2213,1100
2214,1100
2215,1100
2216,1100
2217,1100
2218,1100
2219,1100
2220,1100
2221,1100
2222,1100
2223,1100
2224,1100
2225,1100
2226,1100
2227,1100
2228,1100
2229,1100
2230,1100
2231,1100
2232,1100
2233,1100
2234,1100
2235,1100
2236,1100
2237,1100
2238,1100
2239,1100
2240,1100
2241,1100
2242,1100
2243,1100
2244,1100
2245,1100
2246,1100
2247,1100
2248,1100
2249,1100
2250,1100
2251,1100
2252,1100
2253,1101
2254,1103
2255,1103
2256,1103
2257,1103
2258,1104
2259,1104
2260,1104
2261,1104
2262,1105
2263,1105
2264,1106
2265,1106
2266,1106
2267,1106
2268,1106
2269,1107
2270,1107
2271,1107
2272,1109
2273,1110
2274,1110
2275,1110
2276,1110
2277,1110
2278,1110
2279,1110
2280,1110
2281,1110
2282,1110
2283,1110
2284,1110
2285,1111
2286,1112
2287,1114
2288,1115
2289,1118
2290,1118
2291,1118
2292,1118
2293,1119
2294,1119
2295,1119
2296,1119
2297,1120
2298,1120
2299,1120
2300,1120
2301,1120
2302,1120
2303,1120
2304,1120
2305,1120
2306,1120
2307,1120
2308,1120
2309,1120
2310,1120
2311,1121
2312,1124
2313,1124
2314,1125
2315,1125
2316,1125
2317,1125
2318,1125
2319,1125
2320,1125
2321,1125
2322,1125
2323,1126
2324,1127
2325,1128
2326,1128
2327,1130
2328,1130
2329,1130
2330,1130
2331,1130
2332,1130
2333,1130
2334,1130
2335,1130
2336,1130
2337,1130
2338,1132
2339,1133
2340,1135
2341,1135
2342,1135
2343,1137
2344,1138
2345,1139
2346,1140
2347,1140
2348,1140
2349,1140
2350,1140
2351,1140
2352,1140
2353,1140
2354,1140
2355,1141
2356,1142
2357,1143
2358,1143
2359,1145
2360,1145
2361,1145
2362,1145
2363,1145
2364,1145
2365,1145
2366,1146
2367,1146
2368,1148
2369,1149
2370,1150
2371,1150
2372,1150
2373,1150
2374,1150
2375,1150
2376,1150
2377,1150
2378,1150
2379,1150
2380,1150
2381,1150
2382,1150
2383,1150
2384,1150
2385,1150
2386,1150
2387,1150
2388,1150
2389,1150
2390,1150
2391,1150
2392,1150
2393,1150
2394,1150
2395,1150
2396,1150
2397,1150
2398,1150
2399,1150
2400,1150
2401,1150
2402,1150
2403,1150
2404,1150
2405,1150
2406,1150
2407,1150
2408,1150
2409,1150
2410,1150
2411,1150
2412,1150
2413,1150
2414,1150
2415,1150
2416,1150
2417,1150
2418,1150
2419,1150
2420,1150
2421,1150
2422,1150
2423,1150
2424,1150
2425,1150
2426,1150
2427,1150
2428,1150
2429,1150
2430,1150
2431,1150
2432,1150
2433,1150
2434,1150
2435,1150
2436,1150
2437,1150
2438,1151
2439,1152
2440,1152
2441,1152
2442,1152
2443,1152
2444,1153
2445,1153
2446,1155
2447,1155
2448,1155
2449,1155
2450,1155
2451,1156
2452,1156
2453,1157
2454,1159
2455,1159
2456,1160
2457,1160
2458,1160
2459,1160
2460,1160
2461,1160
2462,1160
2463,1160
2464,1161
2465,1162
2466,1163
2467,1163
2468,1165
2469,1165
2470,1165
2471,1165
2472,1165
2473,1166
2474,1166
2475,1166
2476,1166
2477,1166
2478,1167
2479,1168
2480,1168
2481,1169
2482,1170
2483,1170
2484,1170
2485,1170
2486,1170
2487,1170
2488,1170
2489,1170
2490,1170
2491,1170
2492,1170
2493,1170
2494,1171
2495,1172
2496,1172
2497,1173
2498,1174
2499,1175
2500,1175
2501,1175
2502,1175
2503,1176
2504,1176
2505,1177
2506,1177
2507,1177
2508,1178
2509,1180
2510,1180
2511,1180
2512,1180
2513,1180
2514,1180
2515,1180
2516,1180
2517,1180
2518,1180
2519,1180
2520,1180
2521,1180
2522,1180
2523,1180
2524,1180
2525,1180
2526,1180
2527,1180
2528,1180
2529,1180
2530,1180
2531,1182
2532,1182
2533,1183
2534,1183
2535,1183
2536,1185
2537,1185
2538,1185
2539,1185
2540,1185
2541,1185
2542,1185
2543,1185
2544,1185
2545,1185
2546,1187
2547,1187
2548,1188
2549,1190
2550,1190
2551,1190
2552,1190
2553,1190
2554,1190
2555,1190
2556,1190
2557,1190
2558,1190
2559,1190
2560,1190
2561,1190
2562,1190
2563,1190
2564,1190
2565,1190
2566,1190
2567,1190
2568,1190
2569,1190
2570,1190
2571,1190
2572,1190
2573,1190
2574,1190
2575,1190
2576,1191
2577,1191
2578,1193
2579,1193
2580,1194
2581,1194
2582,1195
2583,1195
2584,1195
2585,1195
2586,1195
2587,1196
2588,1196
2589,1196
2590,1196
2591,1196
2592,1196
2593,1196
2594,1198
2595,1198
2596,1198
2597,1199
2598,1200
2599,1200
2600,1200
2601,1200
2602,1200
2603,1200
2604,1200
2605,1200
2606,1200
2607,1200
2608,1200
2609,1200
2610,1200
2611,1200
2612,1200
2613,1200
2614,1200
2615,1200
2616,1200
2617,1200
2618,1200
2619,1200
2620,1200
2621,1200
2622,1200
2623,1200
2624,1200
2625,1200
2626,1200
2627,1200
2628,1200
2629,1200
2630,1200
2631,1200
2632,1200
2633,1200
2634,1200
2635,1200
2636,1200
2637,1200
2638,1200
2639,1200
2640,1200
2641,1200
2642,1200
2643,1200
2644,1200
2645,1200
2646,1200
2647,1200
2648,1200
2649,1200
2650,1200
2651,1200
2652,1200
2653,1200
2654,1200
2655,1200
2656,1200
2657,1200
2658,1200
2659,1200
2660,1200
2661,1200
2662,1200
2663,1200
2664,1200
2665,1200
2666,1200
2667,1200
2668,1200
2669,1200
2670,1200
2671,1200
2672,1200
2673,1200
2674,1200
2675,1200
2676,1200
2677,1200
2678,1200
2679,1200
2680,1200
2681,1200
2682,1200
2683,1200
2684,1200
2685,1200
2686,1200
2687,1200
2688,1200
2689,1200
2690,1200
2691,1200
2692,1200
2693,1200
2694,1200
2695,1200
2696,1200
2697,1200
2698,1200
2699,1200
2700,1200
2701,1200
2702,1200
2703,1200
2704,1200
2705,1201
2706,1201
2707,1202
2708,1202
2709,1202
2710,1203
2711,1203
2712,1205
2713,1205
2714,1205
2715,1205
2716,1205
2717,1205
2718,1205
2719,1205
2720,1205
2721,1206
2722,1206
2723,1208
2724,1208
2725,1209
2726,1209
2727,1210
2728,1210
2729,1211
2730,1213
2731,1215
2732,1215
2733,1215
2734,1215
2735,1215
2736,1215
2737,1215
2738,1215
2739,1215
2740,1217
2741,1218
2742,1218
2743,1220
2744,1220
2745,1220
2746,1220
2747,1220
2748,1220
2749,1220
2750,1220
2751,1220
2752,1220
2753,1220
2754,1220
2755,1220
2756,1221
2757,1221
2758,1224
2759,1224
2760,1225
2761,1225
2762,1225
2763,1225
2764,1226
2765,1226
2766,1227
2767,1228
2768,1230
2769,1230
2770,1230
2771,1230
2772,1230
2773,1230
2774,1230
2775,1230
2776,1232
2777,1233
2778,1234
2779,1234
2780,1235
2781,1235
2782,1235
2783,1235
2784,1235
2785,1235
2786,1235
2787,1236
2788,1236
2789,1237
2790,1237
2791,1237
2792,1237
2793,1240
2794,1240
2795,1240
2796,1240
2797,1240
2798,1240
2799,1240
2800,1240
2801,1240
2802,1240
2803,1240
2804,1240
2805,1241
2806,1241
2807,1242
2808,1242
2809,1242
2810,1242
2811,1243
2812,1245
2813,1245
2814,1245
2815,1245
2816,1245
2817,1246
2818,1246
2819,1248
2820,1248
2821,1249
2822,1249
2823,1249
2824,1250
2825,1250
2826,1250
2827,1250
2828,1250
2829,1250
2830,1250
2831,1250
2832,1250
2833,1250
2834,1250
2835,1250
2836,1250
2837,1250
2838,1250
2839,1250
2840,1250
2841,1250
2842,1250
2843,1250
2844,1250
2845,1250
2846,1250
2847,1250
2848,1250
2849,1250
2850,1250
2851,1250
2852,1250
2853,1250
2854,1250
2855,1250
2856,1250
2857,1250
2858,1250
2859,1250
2860,1250
2861,1250
2862,1250
2863,1250
2864,1250
2865,1250
2866,1250
2867,1250
2868,1250
2869,1250
2870,1250
2871,1250
2872,1250
2873,1250
2874,1250
2875,1250
2876,1250
2877,1250
2878,1250
2879,1250
2880,1250
2881,1250
2882,1250
2883,1250
2884,1250
2885,1250
2886,1250
2887,1250
2888,1250
2889,1250
2890,1250
2891,1250
2892,1250
2893,1250
2894,1250
2895,1250
2896,1250
2897,1250
2898,1250
2899,1250
2900,1250
2901,1250
2902,1250
2903,1250
2904,1250
2905,1250
2906,1250
2907,1250
2908,1250
2909,1250
2910,1250
2911,1250
2912,1250
2913,1250
2914,1250
2915,1250
2916,1250
2917,1251
2918,1251
2919,1253
2920,1253
2921,1253
2922,1253
2923,1254
2924,1255
2925,1255
2926,1255
2927,1255
2928,1255
2929,1255
2930,1255
2931,1256
2932,1256
2933,1257
2934,1258
2935,1258
2936,1260
2937,1260
2938,1260
2939,1260
2940,1260
2941,1260
2942,1260
2943,1260
2944,1260
2945,1260
2946,1260
2947,1260
2948,1260
2949,1260
2950,1261
2951,1261
2952,1262
2953,1262
2954,1263
2955,1264
2956,1265
2957,1265
2958,1265
2959,1265
2960,1265
2961,1265
2962,1265
2963,1266
2964,1268
2965,1269
2966,1270
2967,1270
2968,1270
2969,1270
2970,1270
2971,1270
2972,1270
2973,1270
2974,1270
2975,1270
2976,1270
2977,1270
2978,1270
2979,1270
2980,1270
2981,1270
2982,1271
2983,1271
2984,1271
2985,1273
2986,1275
2987,1275
2988,1275
2989,1275
2990,1275
2991,1275
2992,1275
2993,1277
2994,1277
2995,1278
2996,1278
2997,1280
2998,1280
2999,1280
3000,1280
3001,1280
3002,1280
3003,1280
3004,1280
3005,1280
3006,1280
3007,1280
3008,1280
3009,1280
3010,1280
3011,1280
3012,1280
3013,1280
3014,1282
3015,1283
3016,1284
3017,1284
3018,1285
3019,1286
3020,1287
3021,1288
3022,1288
3023,1289
3024,1290
3025,1290
3026,1290
3027,1290
3028,1290
3029,1290
3030,1290
3031,1290
3032,1290
3033,1290
3034,1290
3035,1290
3036,1290
3037,1290
3038,1290
3039,1290
3040,1290
3041,1290
3042,1290
3043,1290
3044,1290
3045,1290
3046,1290
3047,1290
3048,1290
3049,1290
3050,1290
3051,1290
3052,1290
3053,1290
3054,1290
3055,1290
3056,1292
3057,1294
3058,1294
3059,1295
3060,1295
3061,1295
3062,1295
3063,1295
3064,1295
3065,1295
3066,1295
3067,1295
3068,1295
3069,1295
3070,1296
3071,1296
3072,1296
3073,1297
3074,1298
3075,1299
3076,1299
3077,1299
3078,1299
3079,1300
3080,1300
3081,1300
3082,1300
3083,1300
3084,1300
3085,1300
3086,1300
3087,1300
3088,1300
3089,1300
3090,1300
3091,1300
3092,1300
3093,1300
3094,1300
3095,1300
3096,1300
3097,1300
3098,1300
3099,1300
3100,1300
3101,1300
3102,1300
3103,1300
3104,1300
3105,1300
3106,1300
3107,1300
3108,1300
3109,1300
3110,1300
3111,1300
3112,1300
3113,1300
3114,1300
3115,1300
3116,1300
3117,1300
3118,1300
3119,1300
3120,1300
3121,1300
3122,1300
3123,1300
3124,1300
3125,1300
3126,1300
3127,1300
3128,1300
3129,1300
3130,1300
3131,1300
3132,1300
3133,1300
3134,1300
3135,1300
3136,1300
3137,1300
3138,1300
3139,1300
3140,1300
3141,1300
3142,1300
3143,1300
3144,1300
3145,1300
3146,1300
3147,1300
3148,1300
3149,1300
3150,1300
3151,1300
3152,1300
3153,1300
3154,1300
3155,1300
3156,1300
3157,1300
3158,1300
3159,1300
3160,1300
3161,1300
3162,1300
3163,1300
3164,1300
3165,1300
3166,1300
3167,1300
3168,1300
3169,1300
3170,1300
3171,1300
3172,1300
3173,1300
3174,1300
3175,1300
3176,1300
3177,1300
3178,1300
3179,1300
3180,1300
3181,1301
3182,1302
3183,1302
3184,1302
3185,1305
3186,1305
3187,1305
3188,1305
3189,1306
3190,1307
3191,1308
3192,1310
3193,1310
3194,1310
3195,1310
3196,1310
3197,1312
3198,1315
3199,1315
3200,1315
3201,1316
3202,1318
3203,1320
3204,1320
3205,1320
3206,1320
3207,1320
3208,1320
3209,1320
3210,1320
3211,1320
3212,1320
3213,1320
3214,1320
3215,1320
3216,1320
3217,1320
3218,1322
3219,1325
3220,1325
3221,1325
3222,1325
3223,1327
3224,1328
3225,1328
3226,1330
3227,1330
3228,1330
3229,1330
3230,1330
3231,1330
3232,1330
3233,1330
3234,1330
3235,1330
3236,1330
3237,1330
3238,1330
3239,1330
3240,1334
3241,1334
3242,1335
3243,1335
3244,1335
3245,1335
3246,1335
3247,1336
3248,1338
3249,1340
3250,1340
3251,1340
3252,1340
3253,1340
3254,1340
3255,1340
3256,1340
3257,1340
3258,1340
3259,1342
3260,1342
3261,1342
3262,1342
3263,1343
3264,1343
3265,1345
3266,1345
3267,1345
3268,1346
3269,1349
3270,1349
3271,1349
3272,1349
3273,1349
3274,1349
3275,1349
3276,1350
3277,1350
3278,1350
3279,1350
3280,1350
3281,1350
3282,1350
3283,1350
3284,1350
3285,1350
3286,1350
3287,1350
3288,1350
3289,1350
3290,1350
3291,1350
3292,1350
3293,1350
3294,1350
3295,1350
3296,1350
3297,1350
3298,1350
3299,1350
3300,1350
3301,1350
3302,1350
3303,1350
3304,1350
3305,1350
3306,1350
3307,1350
3308,1350
3309,1350
3310,1350
3311,1350
3312,1350
3313,1350
3314,1350
3315,1350
3316,1350
3317,1350
3318,1350
3319,1350
3320,1350
3321,1350
3322,1350
3323,1350
3324,1350
3325,1350
3326,1350
3327,1350
3328,1350
3329,1350
3330,1350
3331,1350
3332,1350
3333,1350
3334,1350
3335,1350
3336,1350
3337,1350
3338,1350
3339,1350
3340,1350
3341,1350
3342,1350
3343,1350
3344,1350
3345,1350
3346,1350
3347,1350
3348,1350
3349,1350
3350,1351
3351,1351
3352,1352
3353,1353
3354,1353
3355,1353
3356,1354
3357,1355
3358,1355
3359,1355
3360,1355
3361,1355
3362,1355
3363,1356
3364,1356
3365,1356
3366,1357
3367,1358
3368,1360
3369,1360
3370,1360
3371,1360
3372,1360
3373,1360
3374,1360
3375,1360
3376,1360
3377,1360
3378,1360
3379,1360
3380,1362
3381,1362
3382,1364
3383,1365
3384,1365
3385,1365
3386,1365
3387,1368
3388,1369
3389,1369
3390,1370
3391,1370
3392,1370
3393,1370
3394,1370
3395,1370
3396,1370
3397,1370
3398,1370
3399,1371
3400,1372
3401,1373
3402,1375
3403,1375
3404,1375
3405,1375
3406,1376
3407,1376
3408,1377
3409,1377
3410,1377
3411,1378
3412,1380
3413,1380
3414,1380
3415,1380
3416,1380
3417,1380
3418,1380
3419,1380
3420,1380
3421,1380
3422,1380
3423,1380
3424,1380
3425,1382
3426,1383
3427,1383
3428,1384
3429,1385
3430,1385
3431,1385
3432,1385
3433,1385
3434,1385
3435,1385
3436,1385
3437,1386
3438,1387
3439,1387
3440,1387
3441,1388
3442,1389
3443,1389
3444,1390
3445,1390
3446,1390
3447,1390
3448,1390
3449,1390
3450,1390
3451,1390
3452,1390
3453,1390
3454,1390
3455,1390
3456,1390
3457,1390
3458,1390
3459,1390
3460,1390
3461,1390
3462,1390
3463,1390
3464,1390
3465,1390
3466,1392
3467,1394
3468,1394
3469,1395
3470,1395
3471,1395
3472,1395
3473,1395
3474,1395
3475,1395
3476,1395
3477,1399
3478,1399
3479,1400
3480,1400
3481,1400
3482,1400
3483,1400
3484,1400
3485,1400
3486,1400
3487,1400
3488,1400
3489,1400
3490,1400
3491,1400
3492,1400
3493,1400
3494,1400
3495,1400
3496,1400
3497,1400
3498,1400
3499,1400
3500,1400
3501,1400
3502,1400
3503,1400
3504,1400
3505,1400
3506,1400
3507,1400
3508,1400
3509,1400
3510,1400
3511,1400
3512,1400
3513,1400
3514,1400
3515,1400
3516,1400
3517,1400
3518,1400
3519,1400
3520,1400
3521,1400
3522,1400
3523,1400
3524,1400
3525,1400
3526,1400
3527,1400
3528,1400
3529,1400
3530,1400
3531,1400
3532,1400
3533,1400
3534,1400
3535,1400
3536,1400
3537,1400
3538,1400
3539,1400
3540,1400
3541,1400
3542,1400
3543,1400
3544,1400
3545,1400
3546,1400
3547,1400
3548,1400
3549,1400
3550,1400
3551,1400
3552,1400
3553,1400
3554,1400
3555,1400
3556,1400
3557,1400
3558,1400
3559,1400
3560,1400
3561,1400
3562,1400
3563,1400
3564,1400
3565,1400
3566,1400
3567,1400
3568,1400
3569,1400
3570,1400
3571,1400
3572,1400
3573,1400
3574,1400
3575,1400
3576,1400
3577,1400
3578,1400
3579,1400
3580,1400
3581,1400
3582,1400
3583,1401
3584,1401
3585,1401
3586,1401
3587,1401
3588,1402
3589,1402
3590,1402
3591,1403
3592,1404
3593,1404
3594,1404
3595,1405
3596,1405
3597,1405
3598,1406
3599,1406
3600,1407
3601,1409
3602,1410
3603,1410
3604,1410
3605,1410
3606,1410
3607,1410
3608,1411
3609,1414
3610,1414
3611,1415
3612,1415
3613,1415
3614,1415
3615,1415
3616,1415
3617,1415
3618,1415
3619,1415
3620,1417
3621,1418
3622,1418
3623,1418
3624,1419
3625,1419
3626,1420
3627,1420
3628,1420
3629,1420
3630,1420
3631,1422
3632,1423
3633,1423
3634,1424
3635,1425
3636,1425
3637,1425
3638,1425
3639,1427
3640,1428
3641,1429
3642,1430
3643,1430
3644,1430
3645,1430
3646,1430
3647,1430
3648,1430
3649,1430
3650,1430
3651,1432
3652,1432
3653,1432
3654,1435
3655,1435
3656,1435
3657,1435
3658,1436
3659,1438
3660,1439
3661,1439
3662,1440
3663,1440
3664,1440
3665,1440
3666,1442
3667,1444
3668,1445
3669,1445
3670,1446
3671,1446
3672,1446
3673,1447
3674,1449
3675,1450
3676,1450
3677,1450
3678,1450
3679,1450
3680,1450
3681,1450
3682,1450
3683,1450
3684,1450
3685,1450
3686,1450
3687,1450
3688,1450
3689,1450
3690,1450
3691,1450
3692,1450
3693,1450
3694,1450
3695,1450
3696,1450
3697,1450
3698,1450
3699,1450
3700,1450
3701,1450
3702,1450
3703,1450
3704,1450
3705,1450
3706,1450
3707,1450
3708,1450
3709,1450
3710,1450
3711,1450
3712,1450
3713,1450
3714,1450
3715,1450
3716,1450
3717,1450
3718,1450
3719,1450
3720,1450
3721,1450
3722,1450
3723,1450
3724,1450
3725,1450
3726,1450
3727,1450
3728,1450
3729,1450
3730,1450
3731,1450
3732,1450
3733,1450
3734,1450
3735,1450
3736,1450
3737,1450
3738,1450
3739,1450
3740,1450
3741,1450
3742,1451
3743,1452
3744,1452
3745,1453
3746,1453
3747,1455
3748,1455
3749,1455
3750,1455
3751,1457
3752,1458
3753,1458
3754,1459
3755,1459
3756,1460
3757,1460
3758,1460
3759,1460
3760,1460
3761,1461
3762,1461
3763,1463
3764,1463
3765,1463
3766,1464
3767,1465
3768,1465
3769,1465
3770,1465
3771,1466
3772,1467
3773,1468
3774,1468
3775,1469
3776,1469
3777,1470
3778,1470
3779,1470
3780,1470
3781,1470
3782,1470
3783,1470
3784,1470
3785,1470
3786,1470
3787,1471
3788,1471
3789,1471
3790,1472
3791,1473
3792,1474
3793,1475
3794,1475
3795,1476
3796,1479
3797,1480
3798,1480
3799,1480
3800,1480
3801,1480
3802,1480
3803,1480
3804,1480
3805,1480
3806,1480
3807,1481
3808,1482
3809,1483
3810,1485
3811,1485
3812,1485
3813,1485
3814,1485
3815,1486
3816,1487
3817,1488
3818,1488
3819,1488
3820,1490
3821,1490
3822,1490
3823,1490
3824,1490
3825,1490
3826,1490
3827,1490
3828,1490
3829,1490
3830,1490
3831,1490
3832,1490
3833,1490
3834,1490
3835,1490
3836,1490
3837,1490
3838,1490
3839,1490
3840,1490
3841,1490
3842,1490
3843,1490
3844,1490
3845,1490
3846,1490
3847,1490
3848,1490
3849,1490
3850,1490
3851,1490
3852,1490
3853,1492
3854,1492
3855,1495
3856,1495
3857,1495
3858,1495
3859,1495
3860,1495
3861,1496
3862,1496
3863,1497
3864,1497
3865,1498
3866,1499
3867,1500
3868,1500
3869,1500
3870,1500
3871,1500
3872,1500
3873,1500
3874,1500
3875,1500
3876,1500
3877,1500
3878,1500
3879,1500
3880,1500
3881,1500
3882,1500
3883,1500
3884,1500
3885,1500
3886,1500
3887,1500
3888,1500
3889,1500
3890,1500
3891,1500
3892,1500
3893,1500
3894,1500
3895,1500
3896,1500
3897,1500
3898,1500
3899,1500
3900,1500
3901,1500
3902,1500
3903,1500
3904,1500
3905,1500
3906,1500
3907,1500
3908,1500
3909,1500
3910,1500
3911,1500
3912,1500
3913,1500
3914,1500
3915,1500
3916,1500
3917,1500
3918,1500
3919,1500
3920,1500
3921,1500
3922,1500
3923,1500
3924,1500
3925,1500
3926,1500
3927,1500
3928,1500
3929,1500
3930,1500
3931,1500
3932,1500
3933,1500
3934,1500
3935,1500
3936,1500
3937,1500
3938,1500
3939,1500
3940,1500
3941,1500
3942,1500
3943,1500
3944,1500
3945,1500
3946,1500
3947,1500
3948,1500
3949,1500
3950,1500
3951,1500
3952,1500
3953,1500
3954,1500
3955,1500
3956,1500
3957,1500
3958,1500
3959,1500
3960,1500
3961,1501
3962,1502
3963,1503
3964,1503
3965,1505
3966,1505
3967,1505
3968,1505
3969,1506
3970,1508
3971,1509
3972,1510
3973,1510
3974,1510
3975,1510
3976,1511
3977,1515
3978,1515
3979,1515
3980,1516
3981,1516
3982,1516
3983,1517
3984,1520
3985,1520
3986,1520
3987,1520
3988,1520
3989,1522
3990,1523
3991,1525
3992,1525
3993,1525
3994,1525
3995,1525
3996,1525
3997,1525
3998,1526
3999,1528
4000,1530
4001,1530
4002,1530
4003,1530
4004,1530
4005,1530
4006,1530
4007,1530
4008,1532
4009,1532
4010,1532
4011,1532
4012,1535
4013,1535
4014,1535
4015,1535
4016,1536
4017,1537
4018,1538
4019,1539
4020,1540
4021,1540
4022,1540
4023,1540
4024,1540
4025,1540
4026,1540
4027,1544
4028,1544
4029,1545
4030,1545
4031,1545
4032,1546
4033,1547
4034,1547
4035,1548
4036,1549
4037,1550
4038,1550
4039,1550
4040,1550
4041,1550
4042,1550
4043,1550
4044,1550
4045,1550
4046,1550
4047,1550
4048,1550
4049,1550
4050,1550
4051,1550
4052,1550
4053,1550
4054,1550
4055,1550
4056,1550
4057,1550
4058,1550
4059,1550
4060,1550
4061,1550
4062,1550
4063,1550
4064,1550
4065,1550
4066,1550
4067,1550
4068,1550
4069,1550
4070,1550
4071,1550
4072,1550
4073,1550
4074,1550
4075,1550
4076,1550
4077,1550
4078,1550
4079,1550
4080,1550
4081,1550
4082,1550
4083,1550
4084,1550
4085,1550
4086,1550
4087,1550
4088,1550
4089,1550
4090,1550
4091,1552
4092,1555
4093,1555
4094,1555
4095,1555
4096,1556
4097,1556
4098,1556
4099,1558
4100,1558
4101,1559
4102,1559
4103,1559
4104,1560
4105,1560
4106,1560
4107,1560
4108,1560
4109,1560
4110,1560
4111,1560
4112,1560
4113,1560
4114,1560
4115,1562
4116,1563
4117,1564
4118,1564
4119,1564
4120,1565
4121,1565
4122,1565
4123,1566
4124,1566
4125,1567
4126,1569
4127,1570
4128,1570
4129,1570
4130,1570
4131,1570
4132,1570
4133,1570
4134,1575
4135,1575
4136,1575
4137,1578
4138,1579
4139,1579
4140,1580
4141,1580
4142,1580
4143,1580
4144,1580
4145,1580
4146,1580
4147,1580
4148,1580
4149,1580
4150,1580
4151,1580
4152,1580
4153,1581
4154,1582
4155,1582
4156,1584
4157,1584
4158,1584
4159,1584
4160,1584
4161,1584
4162,1585
4163,1585
4164,1586
4165,1587
4166,1587
4167,1588
4168,1589
4169,1590
4170,1590
4171,1590
4172,1590
4173,1590
4174,1590
4175,1590
4176,1590
4177,1590
4178,1590
4179,1590
4180,1590
4181,1590
4182,1590
4183,1590
4184,1590
4185,1590
4186,1590
4187,1590
4188,1590
4189,1590
4190,1590
4191,1590
4192,1590
4193,1590
4194,1591
4195,1592
4196,1593
4197,1593
4198,1593
4199,1593
4200,1594
4201,1595
4202,1595
4203,1595
4204,1595
4205,1595
4206,1595
4207,1595
4208,1595
4209,1595
4210,1595
4211,1595
4212,1595
4213,1595
4214,1595
4215,1597
4216,1598
4217,1600
4218,1600
4219,1600
4220,1600
4221,1600
4222,1600
4223,1600
4224,1600
4225,1600
4226,1600
4227,1600
4228,1600
4229,1600
4230,1600
4231,1600
4232,1600
4233,1600
4234,1600
4235,1600
4236,1600
4237,1600
4238,1600
4239,1600
4240,1600
4241,1600
4242,1600
4243,1600
4244,1600
4245,1600
4246,1600
4247,1600
4248,1600
4249,1600
4250,1600
4251,1600
4252,1600
4253,1600
4254,1600
4255,1600
4256,1600
4257,1600
4258,1600
4259,1600
4260,1600
4261,1600
4262,1600
4263,1600
4264,1600
4265,1600
4266,1600
4267,1600
4268,1600
4269,1600
4270,1600
4271,1600
4272,1600
4273,1600
4274,1600
4275,1600
4276,1600
4277,1600
4278,1600
4279,1600
4280,1600
4281,1600
4282,1600
4283,1600
4284,1600
4285,1600
4286,1600
4287,1600
4288,1600
4289,1600
4290,1600
4291,1600
4292,1600
4293,1600
4294,1600
4295,1600
4296,1605
4297,1605
4298,1605
4299,1605
4300,1605
4301,1606
4302,1607
4303,1610
4304,1610
4305,1610
4306,1612
4307,1612
4308,1615
4309,1615
4310,1616
4311,1618
4312,1618
4313,1619
4314,1619
4315,1620
4316,1620
4317,1620
4318,1620
4319,1620
4320,1620
4321,1620
4322,1620
4323,1620
4324,1621
4325,1622
4326,1624
4327,1624
4328,1625
4329,1628
4330,1628
4331,1629
4332,1630
4333,1630
4334,1630
4335,1630
4336,1630
4337,1630
4338,1630
4339,1630
4340,1631
4341,1631
4342,1634
4343,1639
4344,1640
4345,1640
4346,1640
4347,1640
4348,1640
4349,1640
4350,1640
4351,1640
4352,1644
4353,1644
4354,1645
4355,1648
4356,1650
4357,1650
4358,1650
4359,1650
4360,1650
4361,1650
4362,1650
4363,1650
4364,1650
4365,1650
4366,1650
4367,1650
4368,1650
4369,1650
4370,1650
4371,1650
4372,1650
4373,1650
4374,1650
4375,1650
4376,1650
4377,1650
4378,1650
4379,1650
4380,1650
4381,1650
4382,1650
4383,1650
4384,1650
4385,1650
4386,1650
4387,1650
4388,1650
4389,1650
4390,1650
4391,1650
4392,1650
4393,1650
4394,1650
4395,1650
4396,1650
4397,1650
4398,1650
4399,1650
4400,1653
4401,1655
4402,1655
4403,1656
4404,1659
4405,1660
4406,1660
4407,1660
4408,1660
4409,1660
4410,1660
4411,1660
4412,1660
4413,1664
4414,1664
4415,1665
4416,1666
4417,1667
4418,1667
4419,1670
4420,1670
4421,1670
4422,1670
4423,1670
4424,1670
4425,1670
4426,1670
4427,1670
4428,1670
4429,1670
4430,1675
4431,1675
4432,1675
4433,1675
4434,1675
4435,1678
4436,1680
4437,1680
4438,1680
4439,1680
4440,1680
4441,1680
4442,1680
4443,1680
4444,1680
4445,1680
4446,1680
4447,1680
4448,1680
4449,1683
4450,1684
4451,1685
4452,1685
4453,1687
4454,1690
4455,1690
4456,1690
4457,1690
4458,1690
4459,1690
4460,1690
4461,1690
4462,1690
4463,1690
4464,1690
4465,1690
4466,1690
4467,1690
4468,1690
4469,1690
4470,1690
4471,1690
4472,1693
4473,1694
4474,1695
4475,1695
4476,1695
4477,1695
4478,1695
4479,1695
4480,1695
4481,1695
4482,1695
4483,1698
4484,1699
4485,1700
4486,1700
4487,1700
4488,1700
4489,1700
4490,1700
4491,1700
4492,1700
4493,1700
4494,1700
4495,1700
4496,1700
4497,1700
4498,1700
4499,1700
4500,1700
4501,1700
4502,1700
4503,1700
4504,1700
4505,1700
4506,1700
4507,1700
4508,1700
4509,1700
4510,1700
4511,1700
4512,1700
4513,1700
4514,1700
4515,1700
4516,1700
4517,1700
4518,1700
4519,1700
4520,1700
4521,1700
4522,1700
4523,1700
4524,1700
4525,1700
4526,1700
4527,1700
4528,1700
4529,1700
4530,1700
4531,1700
4532,1700
4533,1700
4534,1700
4535,1700
4536,1700
4537,1700
4538,1700
4539,1700
4540,1700
4541,1700
4542,1700
4543,1700
4544,1700
4545,1700
4546,1700
4547,1700
4548,1700
4549,1700
4550,1700
4551,1700
4552,1700
4553,1701
4554,1704
4555,1705
4556,1707
4557,1708
4558,1710
4559,1711
4560,1713
4561,1714
4562,1715
4563,1715
4564,1715
4565,1716
4566,1717
4567,1718
4568,1718
4569,1719
4570,1720
4571,1720
4572,1720
4573,1720
4574,1720
4575,1720
4576,1720
4577,1720
4578,1721
4579,1721
4580,1721
4581,1722
4582,1723
4583,1727
4584,1728
4585,1729
4586,1730
4587,1730
4588,1732
4589,1734
4590,1738
4591,1740
4592,1740
4593,1742
4594,1742
4595,1744
4596,1744
4597,1745
4598,1745
4599,1745
4600,1750
4601,1750
4602,1750
4603,1750
4604,1750
4605,1750
4606,1750
4607,1750
4608,1750
4609,1750
4610,1750
4611,1750
4612,1750
4613,1750
4614,1750
4615,1750
4616,1750
4617,1750
4618,1750
4619,1750
4620,1750
4621,1750
4622,1750
4623,1750
4624,1750
4625,1750
4626,1750
4627,1750
4628,1750
4629,1750
4630,1750
4631,1750
4632,1750
4633,1750
4634,1750
4635,1750
4636,1750
4637,1750
4638,1750
4639,1750
4640,1750
4641,1750
4642,1750
4643,1750
4644,1750
4645,1750
4646,1750
4647,1750
4648,1750
4649,1750
4650,1750
4651,1750
4652,1750
4653,1750
4654,1750
4655,1750
4656,1750
4657,1750
4658,1751
4659,1751
4660,1753
4661,1753
4662,1758
4663,1758
4664,1758
4665,1760
4666,1760
4667,1760
4668,1760
4669,1762
4670,1762
4671,1763
4672,1765
4673,1766
4674,1769
4675,1770
4676,1770
4677,1770
4678,1770
4679,1770
4680,1770
4681,1772
4682,1773
4683,1773
4684,1773
4685,1775
4686,1775
4687,1778
4688,1780
4689,1780
4690,1780
4691,1780
4692,1780
4693,1780
4694,1780
4695,1781
4696,1783
4697,1783
4698,1785
4699,1785
4700,1790
4701,1790
4702,1790
4703,1790
4704,1790
4705,1790
4706,1790
4707,1790
4708,1790
4709,1790
4710,1790
4711,1790
4712,1790
4713,1790
4714,1790
4715,1790
4716,1794
4717,1795
4718,1795
4719,1795
4720,1795
4721,1795
4722,1795
4723,1795
4724,1795
4725,1795
4726,1796
4727,1800
4728,1800
4729,1800
4730,1800
4731,1800
4732,1800
4733,1800
4734,1800
4735,1800
4736,1800
4737,1800
4738,1800
4739,1800
4740,1800
4741,1800
4742,1800
4743,1800
4744,1800
4745,1800
4746,1800
4747,1800
4748,1800
4749,1800
4750,1800
4751,1800
4752,1800
4753,1800
4754,1800
4755,1800
4756,1800
4757,1800
4758,1800
4759,1800
4760,1800
4761,1800
4762,1800
4763,1800
4764,1800
4765,1800
4766,1800
4767,1800
4768,1800
4769,1800
4770,1800
4771,1800
4772,1800
4773,1800
4774,1800
4775,1800
4776,1800
4777,1800
4778,1800
4779,1800
4780,1800
4781,1800
4782,1800
4783,1800
4784,1800
4785,1800
4786,1800
4787,1800
4788,1800
4789,1800
4790,1800
4791,1800
4792,1800
4793,1800
4794,1800
4795,1800
4796,1800
4797,1800
4798,1800
4799,1800
4800,1800
4801,1800
4802,1800
4803,1800
4804,1800
4805,1800
4806,1800
4807,1800
4808,1800
4809,1800
4810,1800
4811,1800
4812,1800
4813,1804
4814,1810
4815,1810
4816,1810
4817,1812
4818,1815
4819,1815
4820,1815
4821,1816
4822,1820
4823,1820
4824,1820
4825,1820
4826,1820
4827,1820
4828,1822
4829,1825
4830,1825
4831,1826
4832,1828
4833,1828
4834,1828
4835,1830
4836,1830
4837,1833
4838,1835
4839,1835
4840,1835
4841,1836
4842,1836
4843,1839
4844,1839
4845,1840
4846,1840
4847,1840
4848,1840
4849,1840
4850,1841
4851,1841
4852,1842
4853,1845
4854,1848
4855,1850
4856,1850
4857,1850
4858,1850
4859,1850
4860,1850
4861,1850
4862,1850
4863,1850
4864,1850
4865,1850
4866,1850
4867,1850
4868,1850
4869,1850
4870,1850
4871,1850
4872,1850
4873,1850
4874,1850
4875,1850
4876,1850
4877,1850
4878,1850
4879,1850
4880,1850
4881,1850
4882,1850
4883,1850
4884,1850
4885,1850
4886,1850
4887,1850
4888,1850
4889,1850
4890,1850
4891,1850
4892,1850
4893,1850
4894,1850
4895,1850
4896,1850
4897,1850
4898,1850
4899,1850
4900,1850
4901,1850
4902,1850
4903,1850
4904,1850
4905,1852
4906,1855
4907,1855
4908,1856
4909,1856
4910,1859
4911,1860
4912,1860
4913,1860
4914,1860
4915,1863
4916,1864
4917,1865
4918,1865
4919,1865
4920,1865
4921,1865
4922,1866
4923,1866
4924,1868
4925,1870
4926,1870
4927,1870
4928,1870
4929,1870
4930,1870
4931,1870
4932,1872
4933,1875
4934,1875
4935,1875
4936,1877
4937,1877
4938,1879
4939,1880
4940,1880
4941,1880
4942,1880
4943,1880
4944,1880
4945,1880
4946,1881
4947,1881
4948,1882
4949,1883
4950,1883
4951,1883
4952,1884
4953,1884
4954,1885
4955,1885
4956,1887
4957,1890
4958,1890
4959,1890
4960,1890
4961,1890
4962,1890
4963,1890
4964,1890
4965,1890
4966,1890
4967,1890
4968,1890
4969,1890
4970,1890
4971,1890
4972,1890
4973,1890
4974,1890
4975,1890
4976,1890
4977,1890
4978,1893
4979,1893
4980,1895
4981,1895
4982,1895
4983,1895
4984,1895
4985,1900
4986,1900
4987,1900
4988,1900
4989,1900
4990,1900
4991,1900
4992,1900
4993,1900
4994,1900
4995,1900
4996,1900
4997,1900
4998,1900
4999,1900
5000,1900
5001,1900
5002,1900
5003,1900
5004,1900
5005,1900
5006,1900
5007,1900
5008,1900
5009,1900
5010,1900
5011,1900
5012,1900
5013,1900
5014,1900
5015,1900
5016,1900
5017,1900
5018,1900
5019,1900
5020,1900
5021,1900
5022,1900
5023,1900
5024,1900
5025,1900
5026,1900
5027,1900
5028,1900
5029,1900
5030,1900
5031,1901
5032,1905
5033,1906
5034,1909
5035,1912
5036,1912
5037,1915
5038,1915
5039,1916
5040,1918
5041,1918
5042,1920
5043,1921
5044,1922
5045,1923
5046,1924
5047,1925
5048,1925
5049,1925
5050,1925
5051,1925
5052,1926
5053,1928
5054,1930
5055,1930
5056,1930
5057,1930
5058,1930
5059,1930
5060,1930
5061,1930
5062,1930
5063,1932
5064,1934
5065,1934
5066,1935
5067,1935
5068,1936
5069,1940
5070,1940
5071,1942
5072,1943
5073,1943
5074,1943
5075,1944
5076,1945
5077,1945
5078,1946
5079,1947
5080,1947
5081,1949
5082,1950
5083,1950
5084,1950
5085,1950
5086,1950
5087,1950
5088,1950
5089,1950
5090,1950
5091,1950
5092,1950
5093,1950
5094,1950
5095,1950
5096,1950
5097,1950
5098,1950
5099,1950
5100,1950
5101,1950
5102,1950
5103,1950
5104,1950
5105,1950
5106,1950
5107,1950
5108,1950
5109,1950
5110,1950
5111,1950
5112,1950
5113,1950
5114,1950
5115,1950
5116,1950
5117,1950
5118,1950
5119,1950
5120,1950
5121,1950
5122,1950
5123,1951
5124,1951
5125,1954
5126,1960
5127,1960
5128,1960
5129,1960
5130,1960
5131,1965
5132,1968
5133,1969
5134,1970
5135,1970
5136,1973
5137,1973
5138,1975
5139,1975
5140,1979
5141,1980
5142,1980
5143,1980
5144,1980
5145,1980
5146,1980
5147,1980
5148,1980
5149,1980
5150,1980
5151,1980
5152,1980
5153,1980
5154,1980
5155,1980
5156,1981
5157,1982
5158,1985
5159,1985
5160,1985
5161,1985
5162,1985
5163,1985
5164,1988
5165,1988
5166,1988
5167,1988
5168,1989
5169,1989
5170,1990
5171,1990
5172,1990
5173,1990
5174,1990
5175,1990
5176,1990
5177,1990
5178,1990
5179,1990
5180,1990
5181,1990
5182,1990
5183,1990
5184,1990
5185,1990
5186,1990
5187,1991
5188,1992
5189,1992
5190,1995
5191,1995
5192,1995
5193,1995
5194,1995
5195,1995
5196,1996
5197,1996
5198,1999
5199,1999
5200,1999
5201,1999
5202,2000
5203,2000
5204,2000
5205,2000
5206,2000
5207,2000
5208,2000
5209,2000
5210,2000
5211,2000
5212,2000
5213,2000
5214,2000
5215,2000
5216,2000
5217,2000
5218,2000
5219,2000
5220,2000
5221,2000
5222,2000
5223,2000
5224,2000
5225,2000
5226,2000
5227,2000
5228,2000
5229,2000
5230,2000
5231,2000
5232,2000
5233,2000
5234,2000
5235,2000
5236,2000
5237,2000
5238,2000
5239,2000
5240,2000
5241,2000
5242,2000
5243,2000
5244,2000
5245,2000
5246,2000
5247,2000
5248,2000
5249,2000
5250,2000
5251,2000
5252,2000
5253,2000
5254,2000
5255,2000
5256,2000
5257,2000
5258,2000
5259,2000
5260,2000
5261,2000
5262,2000
5263,2000
5264,2000
5265,2000
5266,2000
5267,2000
5268,2000
5269,2000
5270,2000
5271,2000
5272,2000
5273,2000
5274,2000
5275,2000
5276,2000
5277,2000
5278,2000
5279,2000
5280,2000
5281,2000
5282,2000
5283,2000
5284,2000
5285,2000
5286,2000
5287,2000
5288,2005
5289,2006
5290,2007
5291,2010
5292,2010
5293,2010
5294,2010
5295,2011
5296,2015
5297,2016
5298,2016
5299,2020
5300,2020
5301,2023
5302,2030
5303,2030
5304,2030
5305,2030
5306,2032
5307,2033
5308,2035
5309,2035
5310,2035
5311,2035
5312,2040
5313,2040
5314,2040
5315,2040
5316,2042
5317,2042
5318,2044
5319,2045
5320,2047
5321,2048
5322,2048
5323,2049
5324,2050
5325,2050
5326,2050
5327,2050
5328,2050
5329,2050
5330,2050
5331,2050
5332,2050
5333,2050
5334,2050
5335,2050
5336,2050
5337,2050
5338,2057
5339,2058
5340,2060
5341,2061
5342,2062
5343,2065
5344,2065
5345,2065
5346,2068
5347,2070
5348,2070
5349,2070
5350,2071
5351,2071
5352,2073
5353,2075
5354,2077
5355,2077
5356,2079
5357,2079
5358,2080
5359,2080
5360,2080
5361,2080
5362,2082
5363,2083
5364,2086
5365,2090
5366,2090
5367,2090
5368,2090
5369,2090
5370,2090
5371,2090
5372,2090
5373,2092
5374,2094
5375,2095
5376,2097
5377,2097
5378,2098
5379,2100
5380,2100
5381,2100
5382,2100
5383,2100
5384,2100
5385,2100
5386,2100
5387,2100
5388,2100
5389,2100
5390,2100
5391,2100
5392,2100
5393,2100
5394,2100
5395,2100
5396,2100
5397,2100
5398,2100
5399,2100
5400,2100
5401,2100
5402,2100
5403,2100
5404,2100
5405,2100
5406,2100
5407,2100
5408,2100
5409,2100
5410,2100
5411,2100
5412,2100
5413,2100
5414,2100
5415,2100
5416,2100
5417,2100
5418,2100
5419,2100
5420,2100
5421,2100
5422,2100
5423,2100
5424,2100
5425,2100
5426,2100
5427,2100
5428,2100
5429,2101
5430,2102
5431,2104
5432,2105
5433,2106
5434,2107
5435,2110
5436,2111
5437,2115
5438,2115
5439,2117
5440,2119
5441,2119
5442,2120
5443,2120
5444,2120
5445,2120
5446,2120
5447,2120
5448,2120
5449,2121
5450,2121
5451,2122
5452,2124
5453,2124
5454,2127
5455,2127
5456,2127
5457,2127
5458,2128
5459,2130
5460,2132
5461,2132
5462,2134
5463,2134
5464,2135
5465,2136
5466,2139
5467,2139
5468,2140
5469,2140
5470,2141
5471,2147
5472,2148
5473,2148
5474,2150
5475,2150
5476,2150
5477,2150
5478,2150
5479,2150
5480,2150
5481,2150
5482,2150
5483,2150
5484,2150
5485,2150
5486,2150
5487,2150
5488,2150
5489,2150
5490,2150
5491,2150
5492,2150
5493,2150
5494,2150
5495,2150
5496,2150
5497,2150
5498,2153
5499,2155
5500,2160
5501,2160
5502,2160
5503,2160
5504,2160
5505,2163
5506,2165
5507,2165
5508,2165
5509,2166
5510,2167
5511,2167
5512,2169
5513,2169
5514,2170
5515,2170
5516,2170
5517,2173
5518,2173
5519,2173
5520,2175
5521,2175
5522,2175
5523,2175
5524,2175
5525,2175
5526,2178
5527,2180
5528,2180
5529,2180
5530,2180
5531,2180
5532,2180
5533,2180
5534,2182
5535,2185
5536,2190
5537,2190
5538,2190
5539,2190
5540,2190
5541,2190
5542,2190
5543,2190
5544,2190
5545,2190
5546,2190
5547,2190
5548,2192
5549,2194
5550,2194
5551,2195
5552,2195
5553,2196
5554,2199
5555,2199
5556,2199
5557,2199
5558,2199
5559,2200
5560,2200
5561,2200
5562,2200
5563,2200
5564,2200
5565,2200
5566,2200
5567,2200
5568,2200
5569,2200
5570,2200
5571,2200
5572,2200
5573,2200
5574,2200
5575,2200
5576,2200
5577,2200
5578,2200
5579,2200
5580,2200
5581,2200
5582,2200
5583,2200
5584,2200
5585,2200
5586,2200
5587,2200
5588,2200
5589,2200
5590,2200
5591,2200
5592,2200
5593,2200
5594,2200
5595,2200
5596,2200
5597,2200
5598,2200
5599,2200
5600,2200
5601,2200
5602,2200
5603,2200
5604,2200
5605,2200
5606,2200
5607,2200
5608,2200
5609,2200
5610,2200
5611,2200
5612,2200
5613,2200
5614,2200
5615,2200
5616,2200
5617,2200
5618,2200
5619,2200
5620,2200
5621,2200
5622,2203
5623,2203
5624,2205
5625,2210
5626,2210
5627,2210
5628,2216
5629,2216
5630,2220
5631,2220
5632,2220
5633,2223
5634,2223
5635,2223
5636,2224
5637,2224
5638,2224
5639,2224
5640,2225
5641,2225
5642,2227
5643,2227
5644,2228
5645,2228
5646,2228
5647,2229
5648,2230
5649,2230
5650,2230
5651,2230
5652,2230
5653,2230
5654,2232
5655,2235
5656,2236
5657,2240
5658,2240
5659,2240
5660,2243
5661,2243
5662,2245
5663,2245
5664,2245
5665,2249
5666,2250
5667,2250
5668,2250
5669,2250
5670,2250
5671,2250
5672,2250
5673,2250
5674,2250
5675,2250
5676,2250
5677,2250
5678,2250
5679,2250
5680,2250
5681,2250
5682,2250
5683,2250
5684,2250
5685,2250
5686,2250
5687,2254
5688,2256
5689,2259
5690,2260
5691,2260
5692,2262
5693,2262
5694,2264
5695,2267
5696,2267
5697,2268
5698,2268
5699,2268
5700,2269
5701,2270
5702,2270
5703,2271
5704,2271
5705,2271
5706,2272
5707,2273
5708,2275
5709,2275
5710,2278
5711,2280
5712,2280
5713,2280
5714,2281
5715,2282
5716,2282
5717,2287
5718,2290
5719,2290
5720,2290
5721,2290
5722,2290
5723,2290
5724,2290
5725,2293
5726,2295
5727,2295
5728,2296
5729,2299
5730,2299
5731,2299
5732,2299
5733,2300
5734,2300
5735,2300
5736,2300
5737,2300
5738,2300
5739,2300
5740,2300
5741,2300
5742,2300
5743,2300
5744,2300
5745,2300
5746,2300
5747,2300
5748,2300
5749,2300
5750,2300
5751,2300
5752,2300
5753,2300
5754,2300
5755,2300
5756,2300
5757,2300
5758,2300
5759,2300
5760,2300
5761,2300
5762,2300
5763,2300
5764,2300
5765,2300
5766,2300
5767,2300
5768,2300
5769,2300
5770,2300
5771,2300
5772,2300
5773,2300
5774,2300
5775,2300
5776,2300
5777,2300
5778,2301
5779,2302
5780,2303
5781,2303
5782,2309
5783,2310
5784,2310
5785,2311
5786,2311
5787,2315
5788,2315
5789,2316
5790,2316
5791,2316
5792,2319
5793,2320
5794,2320
5795,2320
5796,2324
5797,2325
5798,2325
5799,2325
5800,2330
5801,2330
5802,2330
5803,2335
5804,2335
5805,2337
5806,2340
5807,2342
5808,2342
5809,2343
5810,2343
5811,2345
5812,2347
5813,2347
5814,2347
5815,2348
5816,2350
5817,2350
5818,2350
5819,2350
5820,2350
5821,2350
5822,2350
5823,2350
5824,2350
5825,2350
5826,2350
5827,2350
5828,2350
5829,2350
5830,2351
5831,2359
5832,2359
5833,2360
5834,2360
5835,2360
5836,2360
5837,2360
5838,2361
5839,2365
5840,2365
5841,2365
5842,2365
5843,2368
5844,2370
5845,2370
5846,2370
5847,2370
5848,2370
5849,2373
5850,2373
5851,2375
5852,2375
5853,2375
5854,2377
5855,2377
5856,2380
5857,2380
5858,2380
5859,2380
5860,2382
5861,2383
5862,2385
5863,2385
5864,2387
5865,2390
5866,2390
5867,2391
5868,2392
5869,2399
5870,2400
5871,2400
5872,2400
5873,2400
5874,2400
5875,2400
5876,2400
5877,2400
5878,2400
5879,2400
5880,2400
5881,2400
5882,2400
5883,2400
5884,2400
5885,2400
5886,2400
5887,2400
5888,2400
5889,2400
5890,2400
5891,2400
5892,2400
5893,2400
5894,2400
5895,2401
5896,2406
5897,2408
5898,2410
5899,2413
5900,2415
5901,2420
5902,2421
5903,2422
5904,2422
5905,2424
5906,2426
5907,2429
5908,2430
5909,2435
5910,2440
5911,2440
5912,2441
5913,2445
5914,2445
5915,2445
5916,2446
5917,2449
5918,2450
5919,2450
5920,2450
5921,2450
5922,2450
5923,2450
5924,2450
5925,2450
5926,2450
5927,2450
5928,2450
5929,2450
5930,2450
5931,2450
5932,2450
5933,2450
5934,2450
5935,2450
5936,2450
5937,2450
5938,2450
5939,2450
5940,2450
5941,2454
5942,2459
5943,2460
5944,2463
5945,2463
5946,2463
5947,2463
5948,2464
5949,2464
5950,2470
5951,2470
5952,2470
5953,2474
5954,2475
5955,2477
5956,2479
5957,2480
5958,2480
5959,2480
5960,2480
5961,2481
5962,2482
5963,2482
5964,2483
5965,2485
5966,2485
5967,2485
5968,2486
5969,2486
5970,2486
5971,2486
5972,2486
5973,2488
5974,2488
5975,2490
5976,2490
5977,2490
5978,2490
5979,2490
5980,2490
5981,2490
5982,2490
5983,2490
5984,2490
5985,2490
5986,2494
5987,2494
5988,2494
5989,2495
5990,2495
5991,2495
5992,2495
5993,2495
5994,2495
5995,2499
5996,2499
5997,2499
5998,2499
5999,2499
6000,2500
6001,2500
6002,2500
6003,2500
6004,2500
6005,2500
6006,2500
6007,2500
6008,2500
6009,2500
6010,2500
6011,2500
6012,2500
6013,2500
6014,2500
6015,2500
6016,2500
6017,2500
6018,2500
6019,2500
6020,2500
6021,2500
6022,2500
6023,2500
6024,2500
6025,2500
6026,2500
6027,2500
6028,2500
6029,2500
6030,2500
6031,2500
6032,2500
6033,2500
6034,2500
6035,2500
6036,2500
6037,2500
6038,2500
6039,2500
6040,2500
6041,2500
6042,2500
6043,2500
6044,2500
6045,2500
6046,2500
6047,2500
6048,2500
6049,2500
6050,2500
6051,2500
6052,2500
6053,2500
6054,2500
6055,2500
6056,2500
6057,2500
6058,2500
6059,2500
6060,2500
6061,2500
6062,2500
6063,2500
6064,2500
6065,2500
6066,2500
6067,2500
6068,2500
6069,2500
6070,2500
6071,2500
6072,2500
6073,2500
6074,2500
6075,2500
6076,2500
6077,2500
6078,2500
6079,2500
6080,2500
6081,2500
6082,2500
6083,2500
6084,2500
6085,2506
6086,2508
6087,2508
6088,2508
6089,2510
6090,2515
6091,2515
6092,2516
6093,2523
6094,2528
6095,2530
6096,2538
6097,2538
6098,2538
6099,2540
6100,2540
6101,2550
6102,2550
6103,2550
6104,2550
6105,2550
6106,2550
6107,2550
6108,2550
6109,2550
6110,2550
6111,2550
6112,2550
6113,2550
6114,2550
6115,2550
6116,2550
6117,2550
6118,2558
6119,2558
6120,2558
6121,2560
6122,2560
6123,2564
6124,2570
6125,2570
6126,2570
6127,2571
6128,2579
6129,2580
6130,2580
6131,2580
6132,2580
6133,2580
6134,2580
6135,2582
6136,2585
6137,2587
6138,2588
6139,2588
6140,2590
6141,2590
6142,2590
6143,2595
6144,2596
6145,2598
6146,2599
6147,2600
6148,2600
6149,2600
6150,2600
6151,2600
6152,2600
6153,2600
6154,2600
6155,2600
6156,2600
6157,2600
6158,2600
6159,2600
6160,2600
6161,2600
6162,2600
6163,2600
6164,2600
6165,2600
6166,2600
6167,2600
6168,2600
6169,2600
6170,2600
6171,2600
6172,2600
6173,2600
6174,2600
6175,2600
6176,2600
6177,2600
6178,2600
6179,2600
6180,2600
6181,2600
6182,2600
6183,2600
6184,2600
6185,2607
6186,2610
6187,2610
6188,2610
6189,2610
6190,2611
6191,2614
6192,2617
6193,2617
6194,2620
6195,2620
6196,2623
6197,2628
6198,2630
6199,2630
6200,2632
6201,2640
6202,2644
6203,2650
6204,2650
6205,2650
6206,2650
6207,2650
6208,2650
6209,2650
6210,2650
6211,2650
6212,2650
6213,2650
6214,2650
6215,2650
6216,2650
6217,2650
6218,2650
6219,2650
6220,2650
6221,2652
6222,2654
6223,2656
6224,2660
6225,2660
6226,2660
6227,2660
6228,2660
6229,2660
6230,2660
6231,2661
6232,2664
6233,2665
6234,2668
6235,2669
6236,2670
6237,2678
6238,2678
6239,2680
6240,2680
6241,2680
6242,2680
6243,2680
6244,2680
6245,2680
6246,2685
6247,2685
6248,2687
6249,2687
6250,2687
6251,2690
6252,2690
6253,2690
6254,2690
6255,2691
6256,2692
6257,2695
6258,2695
6259,2695
6260,2695
6261,2697
6262,2698
6263,2699
6264,2700
6265,2700
6266,2700
6267,2700
6268,2700
6269,2700
6270,2700
6271,2700
6272,2700
6273,2700
6274,2700
6275,2700
6276,2700
6277,2700
6278,2700
6279,2700
6280,2700
6281,2700
6282,2700
6283,2700
6284,2700
6285,2700
6286,2700
6287,2700
6288,2700
6289,2700
6290,2700
6291,2700
6292,2700
6293,2700
6294,2700
6295,2700
6296,2700
6297,2700
6298,2700
6299,2700
6300,2700
6301,2705
6302,2716
6303,2718
6304,2719
6305,2720
6306,2720
6307,2740
6308,2743
6309,2744
6310,2745
6311,2750
6312,2750
6313,2750
6314,2750
6315,2750
6316,2750
6317,2750
6318,2750
6319,2750
6320,2750
6321,2750
6322,2750
6323,2750
6324,2750
6325,2750
6326,2750
6327,2760
6328,2764
6329,2765
6330,2770
6331,2770
6332,2770
6333,2770
6334,2770
6335,2780
6336,2790
6337,2790
6338,2790
6339,2790
6340,2790
6341,2790
6342,2790
6343,2790
6344,2790
6345,2791
6346,2791
6347,2794
6348,2794
6349,2795
6350,2795
6351,2795
6352,2797
6353,2800
6354,2800
6355,2800
6356,2800
6357,2800
6358,2800
6359,2800
6360,2800
6361,2800
6362,2800
6363,2800
6364,2800
6365,2800
6366,2800
6367,2800
6368,2800
6369,2800
6370,2800
6371,2800
6372,2800
6373,2800
6374,2800
6375,2800
6376,2800
6377,2800
6378,2800
6379,2800
6380,2800
6381,2800
6382,2800
6383,2800
6384,2800
6385,2800
6386,2800
6387,2800
6388,2800
6389,2800
6390,2800
6391,2800
6392,2800
6393,2800
6394,2800
6395,2800
6396,2800
6397,2804
6398,2804
6399,2808
6400,2808
6401,2810
6402,2812
6403,2815
6404,2818
6405,2820
6406,2830
6407,2840
6408,2840
6409,2844
6410,2846
6411,2846
6412,2850
6413,2850
6414,2850
6415,2850
6416,2850
6417,2850
6418,2850
6419,2850
6420,2850
6421,2850
6422,2850
6423,2850
6424,2850
6425,2850
6426,2850
6427,2850
6428,2850
6429,2850
6430,2850
6431,2850
6432,2851
6433,2853
6434,2860
6435,2870
6436,2870
6437,2870
6438,2870
6439,2870
6440,2872
6441,2875
6442,2880
6443,2880
6444,2880
6445,2881
6446,2881
6447,2890
6448,2890
6449,2890
6450,2890
6451,2890
6452,2897
6453,2900
6454,2900
6455,2900
6456,2900
6457,2900
6458,2900
6459,2900
6460,2900
6461,2900
6462,2900
6463,2900
6464,2900
6465,2900
6466,2900
6467,2900
6468,2900
6469,2900
6470,2900
6471,2900
6472,2900
6473,2900
6474,2900
6475,2900
6476,2900
6477,2900
6478,2900
6479,2900
6480,2900
6481,2900
6482,2901
6483,2901
6484,2910
6485,2910
6486,2911
6487,2919
6488,2920
6489,2920
6490,2930
6491,2931
6492,2932
6493,2940
6494,2940
6495,2941
6496,2943
6497,2943
6498,2943
6499,2950
6500,2950
6501,2950
6502,2950
6503,2950
6504,2950
6505,2950
6506,2950
6507,2950
6508,2950
6509,2950
6510,2950
6511,2950
6512,2950
6513,2950
6514,2950
6515,2950
6516,2950
6517,2950
6518,2952
6519,2955
6520,2956
6521,2959
6522,2959
6523,2960
6524,2960
6525,2960
6526,2961
6527,2962
6528,2963
6529,2965
6530,2965
6531,2965
6532,2967
6533,2969
6534,2970
6535,2970
6536,2970
6537,2970
6538,2970
6539,2970
6540,2970
6541,2980
6542,2980
6543,2980
6544,2980
6545,2990
6546,2990
6547,2990
6548,2990
6549,2990
6550,2991
6551,2994
6552,2995
6553,2995
6554,3000
6555,3000
6556,3000
6557,3000
6558,3000
6559,3000
6560,3000
6561,3000
6562,3000
6563,3000
6564,3000
6565,3000
6566,3000
6567,3000
6568,3000
6569,3000
6570,3000
6571,3000
6572,3000
6573,3000
6574,3000
6575,3000
6576,3000
6577,3000
6578,3000
6579,3000
6580,3000
6581,3000
6582,3000
6583,3000
6584,3000
6585,3000
6586,3000
6587,3000
6588,3000
6589,3000
6590,3000
6591,3000
6592,3000
6593,3000
6594,3000
6595,3000
6596,3000
6597,3000
6598,3000
6599,3000
6600,3000
6601,3000
6602,3000
6603,3000
6604,3000
6605,3000
6606,3000
6607,3000
6608,3000
6609,3000
6610,3000
6611,3000
6612,3000
6613,3000
6614,3000
6615,3000
6616,3000
6617,3000
6618,3000
6619,3000
6620,3000
6621,3000
6622,3000
6623,3000
6624,3000
6625,3000
6626,3000
6627,3000
6628,3003
6629,3004
6630,3006
6631,3006
6632,3011
6633,3011
6634,3012
6635,3013
6636,3013
6637,3016
6638,3020
6639,3020
6640,3021
6641,3022
6642,3025
6643,3025
6644,3027
6645,3029
6646,3030
6647,3040
6648,3040
6649,3041
6650,3050
6651,3050
6652,3050
6653,3050
6654,3050
6655,3050
6656,3050
6657,3060
6658,3065
6659,3069
6660,3070
6661,3070
6662,3075
6663,3076
6664,3080
6665,3080
6666,3080
6667,3090
6668,3100
6669,3100
6670,3100
6671,3100
6672,3100
6673,3100
6674,3100
6675,3100
6676,3100
6677,3100
6678,3100
6679,3100
6680,3100
6681,3100
6682,3100
6683,3100
6684,3100
6685,3100
6686,3100
6687,3100
6688,3100
6689,3100
6690,3100
6691,3100
6692,3100
6693,3102
6694,3102
6695,3104
6696,3115
6697,3115
6698,3120
6699,3120
6700,3121
6701,3128
6702,3129
6703,3135
6704,3140
6705,3140
6706,3140
6707,3150
6708,3150
6709,3150
6710,3150
6711,3150
6712,3150
6713,3150
6714,3150
6715,3150
6716,3150
6717,3150
6718,3150
6719,3155
6720,3170
6721,3170
6722,3170
6723,3170
6724,3180
6725,3180
6726,3180
6727,3180
6728,3184
6729,3185
6730,3198
6731,3199
6732,3200
6733,3200
6734,3200
6735,3200
6736,3200
6737,3200
6738,3200
6739,3200
6740,3200
6741,3200
6742,3200
6743,3200
6744,3200
6745,3200
6746,3200
6747,3200
6748,3200
6749,3200
6750,3200
6751,3200
6752,3200
6753,3200
6754,3200
6755,3200
6756,3200
6757,3200
6758,3200
6759,3200
6760,3200
6761,3200
6762,3200
6763,3200
6764,3200
6765,3200
6766,3200
6767,3200
6768,3200
6769,3200
6770,3200
6771,3200
6772,3200
6773,3200
6774,3200
6775,3200
6776,3200
6777,3200
6778,3200
6779,3200
6780,3200
6781,3210
6782,3211
6783,3214
6784,3219
6785,3219
6786,3219
6787,3220
6788,3224
6789,3230
6790,3230
6791,3234
6792,3234
6793,3235
6794,3239
6795,3240
6796,3240
6797,3242
6798,3243
6799,3243
6800,3245
6801,3245
6802,3245
6803,3250
6804,3250
6805,3250
6806,3250
6807,3250
6808,3250
6809,3250
6810,3250
6811,3250
6812,3250
6813,3250
6814,3250
6815,3255
6816,3262
6817,3262
6818,3263
6819,3263
6820,3263
6821,3265
6822,3270
6823,3270
6824,3280
6825,3290
6826,3290
6827,3300
6828,3300
6829,3300
6830,3300
6831,3300
6832,3300
6833,3300
6834,3300
6835,3300
6836,3300
6837,3300
6838,3300
6839,3300
6840,3300
6841,3300
6842,3300
6843,3300
6844,3300
6845,3300
6846,3300
6847,3300
6848,3300
6849,3300
6850,3300
6851,3300
6852,3300
6853,3300
6854,3300
6855,3300
6856,3300
6857,3300
6858,3300
6859,3300
6860,3309
6861,3318
6862,3319
6863,3319
6864,3320
6865,3320
6866,3320
6867,3320
6868,3330
6869,3330
6870,3330
6871,3333
6872,3333
6873,3333
6874,3335
6875,3340
6876,3340
6877,3340
6878,3350
6879,3350
6880,3350
6881,3350
6882,3350
6883,3350
6884,3350
6885,3350
6886,3350
6887,3351
6888,3353
6889,3360
6890,3365
6891,3367
6892,3367
6893,3380
6894,3380
6895,3380
6896,3380
6897,3387
6898,3390
6899,3392
6900,3395
6901,3395
6902,3400
6903,3400
6904,3400
6905,3400
6906,3400
6907,3400
6908,3400
6909,3400
6910,3400
6911,3400
6912,3400
6913,3400
6914,3400
6915,3400
6916,3400
6917,3400
6918,3400
6919,3400
6920,3400
6921,3400
6922,3400
6923,3400
6924,3400
6925,3400
6926,3400
6927,3400
6928,3404
6929,3409
6930,3415
6931,3417
6932,3420
6933,3420
6934,3420
6935,3420
6936,3420
6937,3423
6938,3425
6939,3425
6940,3425
6941,3440
6942,3445
6943,3445
6944,3450
6945,3450
6946,3450
6947,3450
6948,3450
6949,3450
6950,3450
6951,3450
6952,3450
6953,3460
6954,3460
6955,3469
6956,3470
6957,3474
6958,3475
6959,3477
6960,3477
6961,3480
6962,3480
6963,3480
6964,3480
6965,3480
6966,3480
6967,3480
6968,3480
6969,3480
6970,3480
6971,3480
6972,3490
6973,3490
6974,3490
6975,3490
6976,3490
6977,3490
6978,3490
6979,3490
6980,3490
6981,3490
6982,3495
6983,3498
6984,3498
6985,3499
6986,3500
6987,3500
6988,3500
6989,3500
6990,3500
6991,3500
6992,3500
6993,3500
6994,3500
6995,3500
6996,3500
6997,3500
6998,3500
6999,3500
7000,3500
7001,3500
7002,3500
7003,3500
7004,3500
7005,3500
7006,3500
7007,3500
7008,3500
7009,3500
7010,3500
7011,3500
7012,3500
7013,3500
7014,3500
7015,3500
7016,3500
7017,3500
7018,3500
7019,3500
7020,3500
7021,3500
7022,3500
7023,3500
7024,3500
7025,3500
7026,3500
7027,3500
7028,3500
7029,3500
7030,3500
7031,3500
7032,3500
7033,3500
7034,3500
7035,3500
7036,3500
7037,3500
7038,3500
7039,3508
7040,3512
7041,3512
7042,3520
7043,3520
7044,3522
7045,3523
7046,3530
7047,3530
7048,3530
7049,3530
7050,3540
7051,3540
7052,3540
7053,3540
7054,3550
7055,3550
7056,3550
7057,3555
7058,3557
7059,3557
7060,3558
7061,3562
7062,3570
7063,3570
7064,3584
7065,3585
7066,3590
7067,3590
7068,3595
7069,3595
7070,3596
7071,3597
7072,3600
7073,3600
7074,3600
7075,3600
7076,3600
7077,3600
7078,3600
7079,3600
7080,3600
7081,3600
7082,3600
7083,3600
7084,3600
7085,3600
7086,3600
7087,3600
7088,3600
7089,3600
7090,3600
7091,3600
7092,3600
7093,3600
7094,3600
7095,3600
7096,3600
7097,3600
7098,3600
7099,3610
7100,3610
7101,3628
7102,3637
7103,3642
7104,3642
7105,3642
7106,3642
7107,3642
7108,3644
7109,3649
7110,3650
7111,3650
7112,3650
7113,3650
7114,3650
7115,3650
7116,3650
7117,3650
7118,3650
7119,3650
7120,3650
7121,3650
7122,3655
7123,3660
7124,3665
7125,3674
7126,3675
7127,3675
7128,3675
7129,3675
7130,3680
7131,3680
7132,3683
7133,3693
7134,3693
7135,3695
7136,3697
7137,3697
7138,3700
7139,3700
7140,3700
7141,3700
7142,3700
7143,3700
7144,3700
7145,3700
7146,3700
7147,3700
7148,3700
7149,3700
7150,3700
7151,3700
7152,3700
7153,3700
7154,3700
7155,3700
7156,3700
7157,3700
7158,3700
7159,3700
7160,3700
7161,3700
7162,3700
7163,3703
7164,3703
7165,3705
7166,3707
7167,3707
7168,3716
7169,3724
7170,3728
7171,3728
7172,3736
7173,3740
7174,3750
7175,3750
7176,3750
7177,3750
7178,3750
7179,3750
7180,3750
7181,3750
7182,3750
7183,3750
7184,3752
7185,3759
7186,3760
7187,3770
7188,3770
7189,3770
7190,3770
7191,3775
7192,3781
7193,3783
7194,3790
7195,3790
7196,3791
7197,3793
7198,3794
7199,3800
7200,3800
7201,3800
7202,3800
7203,3800
7204,3800
7205,3800
7206,3800
7207,3800
7208,3800
7209,3800
7210,3800
7211,3800
7212,3800
7213,3800
7214,3800
7215,3800
7216,3800
7217,3800
7218,3800
7219,3800
7220,3819
7221,3819
7222,3822
7223,3828
7224,3829
7225,3829
7226,3830
7227,3840
7228,3850
7229,3850
7230,3850
7231,3850
7232,3850
7233,3850
7234,3850
7235,3855
7236,3856
7237,3865
7238,3866
7239,3872
7240,3872
7241,3880
7242,3881
7243,3881
7244,3884
7245,3890
7246,3890
7247,3890
7248,3890
7249,3890
7250,3890
7251,3898
7252,3900
7253,3900
7254,3900
7255,3900
7256,3900
7257,3900
7258,3900
7259,3900
7260,3900
7261,3900
7262,3900
7263,3900
7264,3900
7265,3900
7266,3900
7267,3919
7268,3920
7269,3920
7270,3928
7271,3930
7272,3930
7273,3930
7274,3935
7275,3940
7276,3948
7277,3950
7278,3950
7279,3950
7280,3950
7281,3950
7282,3950
7283,3950
7284,3950
7285,3950
7286,3950
7287,3950
7288,3950
7289,3950
7290,3950
7291,3950
7292,3950
7293,3953
7294,3953
7295,3954
7296,3954
7297,3960
7298,3964
7299,3964
7300,3964
7301,3964
7302,3970
7303,3980
7304,3980
7305,3980
7306,3981
7307,3982
7308,3983
7309,3990
7310,3990
7311,3990
7312,3990
7313,3990
7314,3990
7315,3990
7316,3990
7317,3990
7318,3990
7319,3990
7320,3990
7321,3990
7322,3998
7323,4000
7324,4000
7325,4000
7326,4000
7327,4000
7328,4000
7329,4000
7330,4000
7331,4000
7332,4000
7333,4000
7334,4000
7335,4000
7336,4000
7337,4000
7338,4000
7339,4000
7340,4000
7341,4000
7342,4000
7343,4000
7344,4000
7345,4000
7346,4000
7347,4000
7348,4000
7349,4000
7350,4000
7351,4000
7352,4000
7353,4000
7354,4000
7355,4000
7356,4000
7357,4000
7358,4000
7359,4000
7360,4000
7361,4000
7362,4000
7363,4000
7364,4000
7365,4000
7366,4005
7367,4006
7368,4006
7369,4040
7370,4045
7371,4045
7372,4050
7373,4050
7374,4050
7375,4050
7376,4051
7377,4051
7378,4051
7379,4069
7380,4070
7381,4080
7382,4083
7383,4084
7384,4100
7385,4100
7386,4100
7387,4100
7388,4100
7389,4100
7390,4100
7391,4100
7392,4105
7393,4105
7394,4109
7395,4120
7396,4133
7397,4133
7398,4134
7399,4137
7400,4150
7401,4170
7402,4190
7403,4190
7404,4190
7405,4190
7406,4200
7407,4200
7408,4200
7409,4200
7410,4200
7411,4200
7412,4200
7413,4200
7414,4200
7415,4200
7416,4200
7417,4200
7418,4200
7419,4200
7420,4200
7421,4200
7422,4200
7423,4200
7424,4200
7425,4205
7426,4229
7427,4231
7428,4234
7429,4234
7430,4240
7431,4250
7432,4250
7433,4250
7434,4250
7435,4250
7436,4250
7437,4250
7438,4250
7439,4250
7440,4250
7441,4250
7442,4250
7443,4258
7444,4260
7445,4263
7446,4263
7447,4273
7448,4284
7449,4300
7450,4300
7451,4300
7452,4300
7453,4300
7454,4300
7455,4300
7456,4300
7457,4300
7458,4300
7459,4300
7460,4300
7461,4300
7462,4300
7463,4300
7464,4300
7465,4300
7466,4300
7467,4300
7468,4301
7469,4310
7470,4315
7471,4320
7472,4332
7473,4340
7474,4341
7475,4348
7476,4348
7477,4350
7478,4350
7479,4350
7480,4350
7481,4350
7482,4353
7483,4353
7484,4353
7485,4370
7486,4397
7487,4400
7488,4400
7489,4400
7490,4400
7491,4400
7492,4400
7493,4400
7494,4400
7495,4400
7496,4400
7497,4400
7498,4400
7499,4420
7500,4420
7501,4420
7502,4429
7503,4429
7504,4440
7505,4444
7506,4450
7507,4450
7508,4450
7509,4450
7510,4460
7511,4461
7512,4461
7513,4465
7514,4478
7515,4480
7516,4480
7517,4489
7518,4500
7519,4500
7520,4500
7521,4500
7522,4500
7523,4500
7524,4500
7525,4500
7526,4500
7527,4500
7528,4500
7529,4500
7530,4500
7531,4500
7532,4500
7533,4500
7534,4500
7535,4500
7536,4500
7537,4500
7538,4500
7539,4500
7540,4500
7541,4500
7542,4500
7543,4500
7544,4500
7545,4500
7546,4500
7547,4500
7548,4500
7549,4500
7550,4500
7551,4500
7552,4500
7553,4500
7554,4500
7555,4500
7556,4500
7557,4500
7558,4500
7559,4530
7560,4550
7561,4550
7562,4560
7563,4560
7564,4566
7565,4566
7566,4578
7567,4580
7568,4580
7569,4591
7570,4600
7571,4600
7572,4600
7573,4600
7574,4600
7575,4600
7576,4600
7577,4600
7578,4600
7579,4600
7580,4600
7581,4620
7582,4630
7583,4630
7584,4644
7585,4650
7586,4650
7587,4650
7588,4670
7589,4672
7590,4672
7591,4672
7592,4694
7593,4698
7594,4700
7595,4700
7596,4700
7597,4700
7598,4700
7599,4700
7600,4700
7601,4700
7602,4709
7603,4710
7604,4716
7605,4716
7606,4720
7607,4722
7608,4722
7609,4728
7610,4728
7611,4730
7612,4740
7613,4740
7614,4750
7615,4750
7616,4750
7617,4750
7618,4750
7619,4750
7620,4751
7621,4790
7622,4790
7623,4790
7624,4800
7625,4800
7626,4800
7627,4800
7628,4800
7629,4800
7630,4800
7631,4800
7632,4800
7633,4807
7634,4807
7635,4815
7636,4815
7637,4815
7638,4815
7639,4850
7640,4855
7641,4878
7642,4879
7643,4885
7644,4900
7645,4900
7646,4900
7647,4900
7648,4900
7649,4900
7650,4900
7651,4900
7652,4900
7653,4900
7654,4945
7655,4950
7656,4950
7657,4950
7658,4950
7659,4950
7660,4950
7661,4950
7662,4950
7663,4950
7664,4950
7665,4960
7666,4960
7667,4960
7668,4960
7669,4960
7670,4971
7671,4980
7672,4990
7673,4990
7674,4990
7675,4990
7676,4991
7677,4991
7678,4991
7679,4995
7680,4995
7681,4995
7682,4995
7683,4995
7684,4995
7685,5000
7686,5000
7687,5000
7688,5000
7689,5000
7690,5000
7691,5000
7692,5000
7693,5000
7694,5000
7695,5000
7696,5000
7697,5000
7698,5000
7699,5000
7700,5000
7701,5000
7702,5000
7703,5000
7704,5000
7705,5000
7706,5000
7707,5000
7708,5000
7709,5000
7710,5000
7711,5000
7712,5000
7713,5000
7714,5000
7715,5005
7716,5030
7717,5050
7718,5050
7719,5090
7720,5090
7721,5090
7722,5097
7723,5097
7724,5097
7725,5100
7726,5100
7727,5100
7728,5112
7729,5123
7730,5136
7731,5150
7732,5190
7733,5190
7734,5190
7735,5200
7736,5200
7737,5200
7738,5200
7739,5200
7740,5242
7741,5250
7742,5250
7743,5272
7744,5280
7745,5287
7746,5300
7747,5300
7748,5300
7749,5300
7750,5300
7751,5300
7752,5300
7753,5300
7754,5307
7755,5325
7756,5350
7757,5367
7758,5390
7759,5400
7760,5400
7761,5400
7762,5400
7763,5400
7764,5400
7765,5400
7766,5460
7767,5490
7768,5490
7769,5498
7770,5500
7771,5500
7772,5500
7773,5500
7774,5500
7775,5500
7776,5500
7777,5500
7778,5500
7779,5500
7780,5500
7781,5500
7782,5500
7783,5500
7784,5500
7785,5500
7786,5500
7787,5500
7788,5500
7789,5500
7790,5500
7791,5500
7792,5500
7793,5500
7794,5515
7795,5515
7796,5600
7797,5600
7798,5600
7799,5600
7800,5600
7801,5600
7802,5600
7803,5600
7804,5623
7805,5635
7806,5660
7807,5670
7808,5670
7809,5685
7810,5700
7811,5700
7812,5700
7813,5700
7814,5700
7815,5700
7816,5700
7817,5700
7818,5700
7819,5710
7820,5725
7821,5785
7822,5789
7823,5789
7824,5800
7825,5800
7826,5800
7827,5850
7828,5850
7829,5900
7830,5900
7831,5900
7832,5900
7833,5900
7834,5900
7835,5900
7836,5900
7837,5900
7838,5900
7839,5900
7840,5920
7841,5920
7842,5930
7843,5950
7844,5950
7845,5975
7846,5980
7847,5995
7848,5995
7849,5995
7850,5995
7851,6000
7852,6000
7853,6000
7854,6000
7855,6000
7856,6000
7857,6000
7858,6000
7859,6000
7860,6000
7861,6000
7862,6000
7863,6000
7864,6000
7865,6000
7866,6000
7867,6000
7868,6000
7869,6000
7870,6000
7871,6000
7872,6046
7873,6050
7874,6100
7875,6100
7876,6100
7877,6145
7878,6145
7879,6177
7880,6200
7881,6200
7882,6200
7883,6200
7884,6275
7885,6275
7886,6300
7887,6300
7888,6300
7889,6300
7890,6300
7891,6300
7892,6300
7893,6300
7894,6300
7895,6300
7896,6319
7897,6320
7898,6320
7899,6350
7900,6350
7901,6384
7902,6400
7903,6400
7904,6400
7905,6400
7906,6400
7907,6400
7908,6410
7909,6420
7910,6420
7911,6420
7912,6500
7913,6500
7914,6500
7915,6500
7916,6500
7917,6500
7918,6500
7919,6500
7920,6500
7921,6500
7922,6500
7923,6500
7924,6500
7925,6500
7926,6500
7927,6500
7928,6500
7929,6500
7930,6500
7931,6500
7932,6500
7933,6500
7934,6500
7935,6500
7936,6500
7937,6500
7938,6500
7939,6500
7940,6514
7941,6520
7942,6520
7943,6530
7944,6600
7945,6600
7946,6600
7947,6640
7948,6646
7949,6646
7950,6646
7951,6650
7952,6650
7953,6685
7954,6685
7955,6685
7956,6685
7957,6700
7958,6700
7959,6700
7960,6700
7961,6700
7962,6700
7963,6700
7964,6700
7965,6700
7966,6700
7967,6700
7968,6705
7969,6750
7970,6800
7971,6800
7972,6800
7973,6800
7974,6800
7975,6800
7976,6800
7977,6800
7978,6800
7979,6900
7980,6900
7981,6900
7982,6900
7983,6900
7984,6900
7985,6900
7986,6910
7987,6950
7988,6950
7989,6950
7990,6990
7991,7000
7992,7000
7993,7000
7994,7000
7995,7000
7996,7000
7997,7000
7998,7000
7999,7000
8000,7000
8001,7000
8002,7000
8003,7000
8004,7000
8005,7000
8006,7000
8007,7000
8008,7000
8009,7000
8010,7000
8011,7000
8012,7000
8013,7000
8014,7000
8015,7025
8016,7100
8017,7100
8018,7100
8019,7200
8020,7200
8021,7200
8022,7200
8023,7200
8024,7200
8025,7200
8026,7217
8027,7260
8028,7280
8029,7290
8030,7300
8031,7300
8032,7300
8033,7300
8034,7300
8035,7394
8036,7400
8037,7430
8038,7450
8039,7450
8040,7500
8041,7500
8042,7500
8043,7500
8044,7500
8045,7500
8046,7500
8047,7500
8048,7500
8049,7500
8050,7500
8051,7500
8052,7500
8053,7500
8054,7500
8055,7500
8056,7550
8057,7550
8058,7600
8059,7650
8060,7700
8061,7710
8062,7724
8063,7780
8064,7780
8065,7780
8066,7780
8067,7780
8068,7799
8069,7800
8070,7800
8071,7800
8072,7900
8073,7950
8074,7950
8075,7960
8076,7960
8077,8000
8078,8000
8079,8000
8080,8000
8081,8000
8082,8000
8083,8000
8084,8000
8085,8000
8086,8000
8087,8000
8088,8000
8089,8000
8090,8000
8091,8000
8092,8000
8093,8000
8094,8127
8095,8200
8096,8200
8097,8250
8098,8300
8099,8300
8100,8400
8101,8500
8102,8500
8103,8500
8104,8500
8105,8500
8106,8500
8107,8500
8108,8500
8109,8500
8110,8500
8111,8500
8112,8500
8113,8500
8114,8500
8115,8500
8116,8500
8117,8500
8118,8500
8119,8500
8120,8500
8121,8600
8122,8640
8123,8700
8124,8750
8125,8750
8126,8750
8127,8800
8128,8800
8129,8800
8130,8900
8131,9000
8132,9000
8133,9000
8134,9000
8135,9000
8136,9000
8137,9000
8138,9000
8139,9000
8140,9000
8141,9000
8142,9000
8143,9125
8144,9150
8145,9153
8146,9200
8147,9250
8148,9250
8149,9250
8150,9250
8151,9500
8152,9500
8153,9500
8154,9500
8155,9500
8156,9500
8157,9625
8158,9800
8159,9870
8160,9870
8161,9950
8162,10000
8163,10000
8164,10000
8165,10000
8166,10000
8167,10000
8168,10000
8169,10000
8170,10100
8171,10200
8172,10346
8173,10500
8174,10500
8175,10500
8176,10500
8177,10500
8178,10500
8179,10650
8180,10650
8181,10650
8182,10650
8183,10835
8184,11000
8185,11000
8186,11000
8187,11000
8188,11000
8189,11000
8190,11000
8191,11000
8192,11000
8193,11000
8194,11017
8195,11100
8196,11300
8197,11500
8198,11700
8199,11800
8200,11800
8201,12000
8202,12000
8203,12000
8204,12000
8205,12000
8206,12000
8207,12000
8208,12000
8209,12000
8210,12000
8211,12300
8212,12500
8213,12500
8214,13000
8215,13000
8216,13000
8217,13000
8218,13000
8219,13000
8220,13000
8221,13165
8222,13300
8223,13500
8224,13638
8225,13890
8226,14000
8227,14000
8228,14000
8229,14300
8230,14500
8231,14500
8232,15000
8233,15000
8234,15000
8235,15000
8236,15000
8237,15000
8238,15000
8239,15000
8240,15000
8241,15000
8242,15000
8243,15000
8244,15000
8245,15500
8246,15600
8247,15600
8248,16000
8249,16000
8250,16500
8251,16800
8252,17000
8253,17000
8254,18500
8255,20000
8256,21000
8257,25000
8258,25000
8259,30000
